Compound,Spacegroup,PBE Formation Energy (fit=standard),HSE Formation Energy (fit=standard),PBE Bandgap,HSE Bandgap,natoms,ntypes,PBE Formation Energy (fit=nothing),HSE Formation Energy (fit=nothing),PBE Bandgap Type,HSE Bandgap Type,Exp FE,Data ID
AcH2,Fm-3m,-0.656843,None,0.12,0.3,3,2,-0.591536,None,Indirect,Indirect,None,H-12125
Ag2Te,Fm-3m,-0.027317,-0.160568,0.0,0.0,3,2,-0.027317,-0.160568,N.A.,Direct,-0.1129,H-11379
AgBr,Fm-3m,-0.575339,-0.555022,0.7,2.02,2,2,-0.320165,-0.502117,Indirect,Indirect,-0.5204,H-5149
AgC,F-43m,2.218916,2.654312,0.0,0.0,2,2,2.218916,2.654312,N.A.,N.A.,None,H-9525
AgCl,Fm-3m,-0.717743,-0.6264,0.94,2.4,2,2,-0.41748,-0.572266,Indirect,Indirect,-0.6585,H-7655
AgF,Fm-3m,-1.141304,-1.201592,0.15,1.48,2,2,-0.941097,-1.099089,Indirect,Indirect,-1.0516,H-3673
AgI,Pm-3m,-0.024311,-0.033448,0.4,0.97,2,2,0.121303,-0.028197,Indirect,Indirect,-0.3205,H-10219
AgI,Fm-3m,-0.325927,-0.36953,0.81,1.83,2,2,-0.180313,-0.364279,Indirect,Indirect,-0.3205,H-5232
AgI,F-43m,-0.421484,-0.418525,1.34,2.48,2,2,-0.275869,-0.413274,Direct,Direct,-0.3205,H-5764
AgN,Fm-3m,1.445034,2.02593,0.0,0.0,2,2,1.567344,1.953582,N.A.,N.A.,None,H-8776
AgO,F-43m,-0.097919,0.254438,0.0,0.06,2,2,0.189103,0.324791,N.A.,Indirect,None,H-10775
AgSe,F-43m,0.079527,0.161219,0.0,0.0,2,2,0.079527,0.161219,N.A.,N.A.,None,H-824
Ag,Cmcm,0.002153,0.002343,0.0,0.0,4,1,0.002153,0.002343,N.A.,N.A.,0.0,H-108
Ag,Fm-3m,0.0,0.0,0.03,0.39,1,1,0.0,0.0,Indirect,Indirect,0.0,H-183
Al2Au,Fm-3m,-0.436173,-0.458507,0.0,0.0,3,2,-0.436173,-0.458507,N.A.,N.A.,None,H-4938
Al2Cu,P4/mmm,-0.023903,-0.01806,0.0,0.0,3,2,-0.023903,-0.01806,N.A.,N.A.,None,H-5680
Al2O,Fm-3m,-0.101381,0.089755,0.0,0.0,3,2,0.089967,0.136657,N.A.,N.A.,None,H-4134
Al2Pd,Fm-3m,-0.608546,-0.721577,0.0,0.0,3,2,-0.608546,-0.721577,N.A.,N.A.,None,H-8532
Al2Pt,Fm-3m,-0.887802,-0.994711,0.0,0.02,3,2,-0.887802,-0.994711,N.A.,Direct,None,H-8947
AlAu2,I4/mmm,-0.318727,-0.327989,0.0,0.0,3,2,-0.318727,-0.327989,N.A.,N.A.,None,H-10887
AlAu,Pm-3m,-0.254447,-0.236421,0.0,0.0,2,2,-0.254447,-0.236421,N.A.,N.A.,None,H-12508
AlB2,P6/mmm,-0.042659,-0.046835,0.0,0.0,3,2,-0.042659,-0.046835,N.A.,N.A.,-0.409,H-5354
AlFe,Pm-3m,-0.330015,0.267559,0.0,0.0,2,2,-0.330015,0.267559,N.A.,N.A.,-0.2747,H-3999
AlIr,Pm-3m,-0.941467,-1.181024,0.0,0.0,2,2,-0.941467,-1.181024,N.A.,N.A.,-0.9246,H-11561
AlNi,Pm-3m,-0.661322,-0.708402,0.0,0.0,2,2,-0.661322,-0.708402,N.A.,N.A.,-0.6271,H-2679
AlP,F-43m,-0.781965,-0.860318,1.66,2.29,2,2,-0.609468,-0.761823,Indirect,Indirect,-0.8521,H-9118
AlPd,Pm-3m,-0.863317,-1.043336,0.0,0.25,2,2,-0.863317,-1.043336,N.A.,Indirect,-0.9457,H-1180
AlPt3,Pm-3m,-0.685745,-0.802082,0.0,0.0,4,2,-0.685745,-0.802082,N.A.,N.A.,-0.6592,H-839
AlPt,Pm-3m,-0.925451,-1.075718,0.0,0.11,2,2,-0.925451,-1.075718,N.A.,Indirect,-1.0385,H-9376
AlRe,Pm-3m,0.012875,-0.010756,0.0,0.0,2,2,0.012875,-0.010756,N.A.,N.A.,None,H-6745
AlRh,Pm-3m,-1.077245,-1.3619,0.0,0.0,2,2,-1.077245,-1.3619,N.A.,N.A.,-1.1017,H-1531
AlSb,F-43m,-0.16724,-0.315454,1.25,1.87,2,2,-0.16724,-0.315454,Direct,Indirect,-0.2609,H-8436
Al,Fm-3m,0.0,0.0,0.0,0.0,1,1,0.0,0.0,N.A.,N.A.,0.0,H-162
Ar,Fm-3m,6.4e-05,4.2e-05,8.49,10.12,1,1,6.4e-05,4.2e-05,Direct,Direct,None,H-271
Ar,P63/mmc,0.0,0.0,8.49,10.11,2,1,0.0,0.0,Direct,Direct,None,H-343
As,R-3m,0.0,0.011554,0.0,0.0,2,1,0.0,0.011554,N.A.,N.A.,0.0,H-203
As,R-3m,0.113058,0.178566,0.0,0.0,1,1,0.113058,0.178566,N.A.,N.A.,0.0,H-226
As,Cmca,0.017829,0.0,0.05,0.4,4,1,0.017829,0.0,Direct,Direct,0.0,H-339
AuCN,P6mm,0.261286,0.418008,2.16,3.21,3,3,0.342826,0.369776,Indirect,Indirect,None,H-12393
AuC,Amm2,2.222725,2.541481,0.0,0.0,2,2,2.222725,2.541481,N.A.,N.A.,None,H-12885
AuN,Fm-3m,1.540362,2.077008,0.0,0.24,2,2,1.662673,2.004659,N.A.,Indirect,None,H-10512
AuN,F-43m,1.572387,2.188885,0.0,0.09,2,2,1.694697,2.116536,N.A.,Indirect,None,H-12806
Au,Fm-3m,0.0,0.0,0.11,0.09,1,1,0.0,0.0,Indirect,Indirect,0.0,H-230
B2Au,Amm2,0.438774,0.523248,0.0,0.0,3,2,0.438774,0.523248,N.A.,N.A.,None,H-1621
BAs,F-43m,-0.019105,-0.154957,1.21,1.87,2,2,-0.019105,-0.154957,Indirect,Indirect,-0.3903,H-4505
BP,F-43m,-0.57947,-0.590283,1.26,2.0,2,2,-0.406974,-0.491788,Indirect,Indirect,-0.4094,H-4731
B,R-3m,0.0,0.0,1.45,2.31,12,1,0.0,0.0,Indirect,Indirect,0.0,H-105
Ba2Hg,I4/mmm,-0.381786,-0.379732,0.0,0.0,3,2,-0.380014,-0.400313,N.A.,N.A.,None,H-5878
Ba2N,R-3m,-0.477687,-0.3626,0.0,0.0,3,2,-0.396147,-0.410833,N.A.,N.A.,None,H-7239
BaAlGe,Amm2,-0.468748,-0.521586,0.0,0.0,3,3,-0.468748,-0.521586,N.A.,N.A.,None,H-3003
BaAu2,Cmmm,-0.742259,-0.712606,0.0,0.0,3,2,-0.742259,-0.712606,N.A.,N.A.,None,H-3817
BaC2,I4/mmm,0.089935,0.045961,1.63,2.86,3,2,0.089935,0.045961,Indirect,Indirect,-0.2558,H-11366
BaCd,Pm-3m,-0.329363,-0.303498,0.0,0.09,2,2,-0.329363,-0.303498,N.A.,Indirect,None,H-9951
BaF2,Fm-3m,-4.125397,-4.186956,6.59,8.53,3,2,-3.858454,-4.050286,Indirect,Indirect,-4.176,H-10293
BaHg,Pm-3m,-0.532063,-0.513591,0.0,0.04,2,2,-0.529404,-0.544463,N.A.,Indirect,None,H-3393
BaLiP,P-6m2,-0.995174,-1.064458,0.7,1.31,3,3,-0.880176,-0.998795,Direct,Direct,None,H-9069
BaO2,I4/mmm,-2.23756,-2.311743,2.27,3.85,3,2,-1.854864,-2.21794,Indirect,Indirect,-2.1913,H-10783
BaO2,Cmmm,-2.117127,-2.168859,2.26,3.84,3,2,-1.73443,-2.075056,Indirect,Indirect,-2.1913,H-6719
BaO,Fm-3m,-2.762143,-2.840319,2.14,3.38,2,2,-2.475121,-2.769967,Indirect,Direct,-2.8398,H-1363
BaS,Fm-3m,-2.294184,-2.333975,2.18,3.07,2,2,-2.075939,-2.275264,Indirect,Indirect,-2.4356,H-4377
BaSbPt,Amm2,-0.936085,-1.084432,0.0,0.0,3,3,-0.936085,-1.084432,N.A.,N.A.,None,H-9045
BaSe,Fm-3m,-2.046636,-2.279293,1.95,2.79,2,2,-2.046636,-2.279293,Indirect,Indirect,None,H-5821
BaSe,Pm-3m,-1.845708,-2.075872,1.28,2.04,2,2,-1.845708,-2.075872,Indirect,Indirect,None,H-8447
BaSi2,C2/m,-0.340579,-0.348651,0.0,0.0,3,2,-0.340579,-0.348651,N.A.,N.A.,None,H-3294
BaSi2,I4/mmm,0.12033,0.152987,0.0,0.0,3,2,0.12033,0.152987,N.A.,Direct,None,H-6043
BaSiC,I4mm,0.58477,0.612674,0.32,1.2,3,3,0.58477,0.612674,Indirect,Indirect,None,H-2587
BaTe,Pm-3m,-1.620754,-1.857411,0.79,1.46,2,2,-1.620754,-1.857411,Indirect,Indirect,-2.1226,H-10816
BaZn,Pm-3m,-0.164727,-0.137129,0.0,0.06,2,2,-0.164727,-0.137129,N.A.,Indirect,None,H-10000
Ba,P4/mmm,0.308634,0.280009,0.0,0.05,1,1,0.308634,0.280009,N.A.,Indirect,0.0,H-109
Ba,Fm-3m,0.016557,0.012502,0.0,0.02,1,1,0.016557,0.012502,N.A.,Indirect,0.0,H-180
Ba,P63/mmc,0.014279,0.019241,0.0,0.07,2,1,0.014279,0.019241,N.A.,Indirect,0.0,H-30
Ba,Im-3m,0.0,0.0,0.06,0.03,1,1,0.0,0.0,Indirect,Indirect,0.0,H-42
Be2C,Fm-3m,-0.233815,-0.36358,1.2,1.9,3,2,-0.233815,-0.36358,Indirect,Indirect,-0.3137,H-7289
BeCu,Pm-3m,-0.096131,-0.121497,0.01,0.19,2,2,-0.096131,-0.121497,Indirect,Indirect,None,H-7542
BeNi,Pm-3m,-0.466797,-0.51695,0.0,0.0,2,2,-0.466797,-0.51695,N.A.,N.A.,None,H-1830
BePd,Pm-3m,-0.579804,-0.757796,0.0,0.0,2,2,-0.579804,-0.757796,N.A.,N.A.,None,H-4717
BeRh,Pm-3m,-0.605623,-0.841773,0.0,0.21,2,2,-0.605623,-0.841773,N.A.,Indirect,None,H-5735
BeS,F-43m,-1.274397,-1.305517,3.15,4.09,2,2,-1.056153,-1.246806,Indirect,Indirect,-1.223,H-2307
BeSe,F-43m,-0.794645,-1.006318,2.67,3.52,2,2,-0.794645,-1.006318,Indirect,Indirect,None,H-6629
BeTe,F-43m,-0.357128,-0.555911,2.03,2.68,2,2,-0.357128,-0.555911,Indirect,Indirect,None,H-3727
Be,I4/mmm,0.100221,0.006034,0.0,0.0,4,1,0.100221,0.006034,N.A.,N.A.,0.0,H-344
Be,Im-3m,0.099581,0.0,0.0,0.0,1,1,0.099581,0.0,N.A.,N.A.,0.0,H-46
BiO2,Fm-3m,-1.264933,-1.063604,0.0,0.0,3,2,-0.882237,-0.969801,N.A.,N.A.,None,H-2225
BiSe,Fm-3m,-0.159759,-0.095413,0.0,0.0,2,2,-0.159759,-0.095413,N.A.,N.A.,None,H-6918
BiTe,Fm-3m,-0.077318,-0.048551,0.0,0.0,2,2,-0.077318,-0.048551,N.A.,N.A.,None,H-12524
Bi,R-3m,0.0,0.0,0.0,0.0,2,1,0.0,0.0,N.A.,N.A.,0.0,H-154
Bi,I41/amd,0.040814,0.071533,0.0,0.0,2,1,0.040814,0.071533,N.A.,N.A.,0.0,H-215
Bi,Im-3m,0.129823,0.175156,0.0,0.0,1,1,0.129823,0.175156,N.A.,N.A.,0.0,H-231
Bi,Pm-3m,0.041732,0.071541,0.0,0.0,1,1,0.041732,0.071541,N.A.,N.A.,0.0,H-69
Br,Cmca,0.0,0.0,1.33,2.48,4,1,0.0,0.0,Indirect,Indirect,None,H-301
Br,Fm-3m,0.663897,1.016935,0.0,0.0,1,1,0.663897,1.016935,N.A.,N.A.,None,H-78
CIN,R3m,0.361797,0.626779,4.46,5.74,3,3,0.540413,0.582047,Indirect,Indirect,None,H-5849
C,Pnma,0.281869,0.229318,4.28,5.71,16,1,0.281869,0.229318,Indirect,Indirect,0.0,H-103
C,P63/mmc,0.137106,0.074019,4.53,5.68,8,1,0.137106,0.074019,Indirect,Indirect,0.0,H-245
C,I4/mmm,0.324526,0.279411,2.48,3.88,4,1,0.324526,0.279411,Indirect,Indirect,0.0,H-258
C,Pm-3m,2.75196,3.023672,0.0,0.0,1,1,2.75196,3.023672,N.A.,N.A.,0.0,H-279
C,Cmmm,0.931281,0.983133,0.0,0.73,8,1,0.931281,0.983133,N.A.,Indirect,0.0,H-282
C,Cmmm,0.498081,0.498039,0.0,0.8,8,1,0.498081,0.498039,Indirect,Indirect,0.0,H-325
C,Im-3m,0.754962,0.748282,3.01,4.33,8,1,0.754962,0.748282,Indirect,Indirect,0.0,H-356
C,P63/mmc,0.133849,0.069558,4.42,5.6,12,1,0.133849,0.069558,Indirect,Indirect,0.0,H-57
C,P63mc,0.0,0.0,0.0,1.38,12,1,0.0,0.0,Direct,Direct,0.0,H-81
C,C2/m,0.289953,0.238349,3.49,4.65,8,1,0.289953,0.238349,Indirect,Indirect,0.0,H-92
Ca2N,R-3m,-0.839015,-0.709019,0.03,0.07,3,2,-0.757475,-0.757252,Indirect,Indirect,None,H-12774
CaBiAu,F-43m,-0.734959,-0.772809,0.16,0.0,3,3,-0.734959,-0.772809,Indirect,Direct,None,H-1389
CaCd,Pm-3m,-0.366945,-0.325728,0.0,0.0,2,2,-0.366945,-0.325728,N.A.,N.A.,None,H-6806
CaF2,P4/mmm,-3.948655,-4.001874,5.14,7.5,3,2,-3.681712,-3.865203,Indirect,Indirect,-4.2424,H-3435
CaGe2,R-3m,-0.488398,-0.498471,0.0,0.0,3,2,-0.488398,-0.498471,N.A.,N.A.,None,H-12460
CaHg2,Cmmm,-0.462149,-0.46691,0.0,0.0,3,2,-0.458604,-0.508072,N.A.,N.A.,None,H-3136
CaHg,Pm-3m,-0.562962,-0.531343,0.0,0.0,2,2,-0.560304,-0.562215,N.A.,N.A.,None,H-6788
CaI2,P-3m1,-1.837216,-1.802104,3.84,5.01,3,2,-1.643064,-1.795102,Indirect,Indirect,-1.8531,H-11812
CaO2,I4/mmm,-2.278065,-2.334796,2.77,4.98,3,2,-1.895368,-2.240993,Indirect,Indirect,-2.2549,H-1009
CaO,Fm-3m,-3.249629,-3.339655,3.66,5.31,2,2,-2.962606,-3.269302,Indirect,Indirect,-3.2902,H-7729
CaS,Fm-3m,-2.369129,-2.379162,2.4,3.43,2,2,-2.150884,-2.320451,Indirect,Indirect,-2.4615,H-12422
CaSe,F-43m,-1.768658,-1.949465,3.16,4.04,2,2,-1.768658,-1.949465,Indirect,Indirect,-1.908,H-11777
CaSe,Fm-3m,-2.026715,-2.226997,2.08,3.04,2,2,-2.026715,-2.226997,Indirect,Indirect,-1.908,H-6826
CaSi2,C2/m,-0.363019,-0.35346,0.0,0.0,3,2,-0.363019,-0.35346,N.A.,N.A.,-0.5217,H-3428
CaTe,Pm-3m,-1.340069,-1.513399,0.0,0.43,2,2,-1.340069,-1.513399,Direct,Direct,-1.8915,H-11870
CaTe,Fm-3m,-1.650122,-1.850982,1.57,2.37,2,2,-1.650122,-1.850982,Indirect,Indirect,-1.8915,H-2950
CaTl,Pm-3m,-0.445594,-0.469424,0.0,0.0,2,2,-0.445594,-0.469424,N.A.,N.A.,None,H-864
Ca,Pm-3m,0.392536,0.419126,0.0,0.0,1,1,0.392536,0.419126,N.A.,N.A.,0.0,H-225
Ca,Fm-3m,0.0,0.0,0.01,0.0,1,1,0.0,0.0,Indirect,N.A.,0.0,H-329
Ca,Im-3m,0.017353,0.020223,0.0,0.0,1,1,0.017353,0.020223,N.A.,N.A.,0.0,H-49
Cd2Hg,I4/mmm,0.001894,0.014479,0.0,0.0,3,2,0.003666,-0.006102,N.A.,N.A.,None,H-10692
CdAg,Pm-3m,-0.058287,-0.077845,0.0,0.0,2,2,-0.058287,-0.077845,N.A.,N.A.,None,H-10860
CdAu,Pm-3m,-0.170258,-0.191651,0.0,0.0,2,2,-0.170258,-0.191651,N.A.,N.A.,-0.2012,H-8647
CdCuSb,F-43m,0.16907,0.034503,0.0,0.0,3,3,0.16907,0.034503,N.A.,N.A.,None,H-11339
CdHg2,I4/mmm,0.023483,0.045613,0.0,0.0,3,2,0.027028,0.004451,N.A.,N.A.,None,H-2193
CdO,Fm-3m,-1.303474,-1.347273,0.19,0.75,2,2,-1.016451,-1.276921,Indirect,Indirect,-1.3421,H-1217
CdPt,P4/mmm,-0.305934,-0.400665,0.0,0.0,2,2,-0.305934,-0.400665,N.A.,N.A.,None,H-5861
CdS,F-43m,-0.852369,-0.815287,1.05,2.05,2,2,-0.634125,-0.756576,Direct,Direct,-0.7742,H-4294
CdS,Fm-3m,-0.71718,-0.746872,0.33,1.21,2,2,-0.498936,-0.688161,Indirect,Indirect,-0.7742,H-4678
CdSbAu,F-43m,-0.125472,-0.133359,0.0,0.0,3,3,-0.125472,-0.133359,N.A.,N.A.,None,H-8111
CdSe,F-43m,-0.625789,-0.762004,0.5,1.42,2,2,-0.625789,-0.762004,Direct,Direct,-0.7504,H-5984
CdSe,Fm-3m,-0.477851,-0.607104,0.0,0.35,2,2,-0.477851,-0.607104,N.A.,Indirect,-0.7504,H-6239
CdTe,F-43m,-0.46181,-0.591523,0.6,1.36,2,2,-0.46181,-0.591523,Direct,Direct,-0.5219,H-10003
CdTe,Fm-3m,-0.281975,-0.378422,0.09,0.57,2,2,-0.281975,-0.378422,Indirect,Indirect,-0.5219,H-7320
Cd,Cmcm,0.0,0.0,0.0,0.0,2,1,0.0,0.0,N.A.,N.A.,0.0,H-176
CeAl,Pm-3m,-0.243015,-0.815893,0.0,0.0,2,2,-0.243015,-0.815893,N.A.,N.A.,None,H-1773
CeBi,Fm-3m,-0.830034,-1.615819,0.0,0.0,2,2,-0.830034,-1.615819,N.A.,Direct,None,H-3960
CeC,Fm-3m,-0.056217,-0.295384,0.0,0.09,2,2,-0.056217,-0.295384,N.A.,Indirect,None,H-4194
CeCd2Ag,Fm-3m,-0.164964,-0.456126,0.0,0.0,4,3,-0.164964,-0.456126,N.A.,N.A.,None,H-761
CeH2,Fm-3m,-0.589492,-0.607541,0.0,0.0,3,2,-0.524185,-0.639844,N.A.,N.A.,-0.6678,H-8322
CeHg,Pm-3m,-0.292791,-0.87378,0.0,0.0,2,2,-0.290133,-0.904652,N.A.,N.A.,None,H-4998
CeMg,Pm-3m,0.087176,0.027857,0.0,0.0,2,2,0.087176,0.027857,N.A.,N.A.,-0.0835,H-660
CeO2,Fm-3m,-3.848367,-4.150549,1.89,3.49,3,2,-3.465671,-4.056746,Indirect,Indirect,-3.7671,H-6307
CeTe,Fm-3m,-1.360164,-1.538076,0.0,0.0,2,2,-1.360164,-1.538076,N.A.,N.A.,-1.5611,H-4920
CeZn,Pm-3m,-0.18589,-0.211186,0.0,0.0,2,2,-0.18589,-0.211186,N.A.,N.A.,None,H-3328
Ce,Fm-3m,0.0,0.0,0.0,0.0,1,1,0.0,0.0,N.A.,N.A.,0.0,H-7
Cl,P42/ncm,0.03533,0.012602,2.73,4.4,16,1,0.03533,0.012602,Indirect,Indirect,None,H-220
Cl,Cmca,0.0,0.0,2.41,4.04,4,1,0.0,0.0,Direct,Direct,None,H-265
CrC,P-6m2,-0.025849,0.010177,0.0,0.0,2,2,-0.025849,0.010177,N.A.,N.A.,None,H-10591
CrC,Fm-3m,0.150761,-0.309979,0.0,0.0,2,2,0.150761,-0.309979,N.A.,N.A.,None,H-11235
CrH,Fm-3m,-0.043263,-0.019275,0.0,0.0,2,2,0.005717,-0.043502,N.A.,N.A.,None,H-12075
CrN,F-43m,-0.619302,-0.876652,0.0,0.0,2,2,-0.496991,-0.949,N.A.,N.A.,-0.6063,H-11412
CrSi2,I4/mmm,-0.374588,-0.440921,0.0,0.03,3,2,-0.374588,-0.440921,N.A.,Indirect,-0.3064,H-10770
CrTe,Fm-3m,0.003516,-1.024995,0.0,0.0,2,2,0.003516,-1.024995,N.A.,N.A.,None,H-2570
Cr,Im-3m,0.0,0.0,0.0,0.0,1,1,0.0,0.0,N.A.,N.A.,0.0,H-219
Cr,Fm-3m,0.39286,0.615183,0.0,0.0,1,1,0.39286,0.615183,N.A.,N.A.,0.0,H-234
Cs2O,R-3m,-1.176981,-1.13375,0.56,1.44,3,2,-0.985633,-1.086848,Indirect,Indirect,-1.1967,H-5883
CsAu,Pm-3m,-0.322562,-0.266985,1.3,1.23,2,2,-0.322562,-0.266985,Indirect,Indirect,None,H-3938
CsBr,Pm-3m,-2.020529,-2.025434,4.26,5.42,2,2,-1.765355,-1.972529,Indirect,Direct,-2.1019,H-5220
CsBr,Fm-3m,-2.060803,-1.997902,4.27,5.39,2,2,-1.805629,-1.944997,Direct,Direct,-2.1019,H-525
CsCl,Pm-3m,-2.221142,-2.138686,5.0,6.28,2,2,-1.92088,-2.084552,Direct,Direct,-2.2921,H-2029
CsF,Pm-3m,-2.726813,-2.793356,5.95,7.84,2,2,-2.526606,-2.690853,Direct,Direct,-2.887,H-11954
CsF,Fm-3m,-2.835666,-2.8366,5.27,7.09,2,2,-2.635459,-2.734097,Indirect,Indirect,-2.887,H-13197
CsH,Fm-3m,-0.220838,-0.175706,2.42,3.25,2,2,-0.171858,-0.199934,Direct,Direct,-0.28,H-3530
CsH,Pm-3m,-0.168794,-0.129657,2.62,3.56,2,2,-0.119814,-0.153884,Indirect,Indirect,-0.28,H-7856
CsI,Fm-3m,-1.712167,-1.69326,3.88,4.84,2,2,-1.566553,-1.688009,Direct,Direct,-1.8039,H-13079
CsI,Pm-3m,-1.679999,-1.66484,3.68,4.66,2,2,-1.534384,-1.659589,Indirect,Indirect,-1.8039,H-9996
Cs,Im-3m,0.001537,0.001058,0.03,0.0,1,1,0.001537,0.001058,Indirect,N.A.,0.0,H-134
Cs,Fm-3m,0.000502,0.000452,0.02,0.09,1,1,0.000502,0.000452,Indirect,Indirect,0.0,H-264
Cs,P63/mmc,0.0,0.0,0.0,0.0,2,1,0.0,0.0,N.A.,N.A.,0.0,H-270
Cs,P63/mmc,0.000266,0.002462,0.0,0.0,4,1,0.000266,0.002462,N.A.,N.A.,0.0,H-44
Cu2S,F-43m,-0.06536,-0.112449,0.16,1.1,3,2,0.080136,-0.073308,Indirect,Indirect,-0.2746,H-10653
Cu2S,Fm-3m,-0.196165,-0.288698,0.0,0.28,3,2,-0.050669,-0.249558,N.A.,Direct,-0.2746,H-5602
Cu2Se,F-43m,0.029536,-0.139406,0.0,0.9,3,2,0.029536,-0.139406,N.A.,Indirect,-0.2284,H-2529
Cu2Se,Fm-3m,0.007302,-0.218068,0.0,0.01,3,2,0.007302,-0.218068,N.A.,Direct,-0.2284,H-7468
CuBr,Fm-3m,-0.331049,-0.411137,0.14,1.86,2,2,-0.075875,-0.358232,Indirect,Indirect,-0.5441,H-6621
CuCl,F-43m,-0.683649,-0.680076,0.54,2.33,2,2,-0.383387,-0.625942,Direct,Direct,-0.71,H-4319
CuCl,Fm-3m,-0.50719,-0.573609,0.27,2.15,2,2,-0.206928,-0.519475,Indirect,Indirect,-0.71,H-5876
CuI,Fm-3m,-0.067291,-0.150055,0.31,0.92,2,2,0.078324,-0.144804,Indirect,Indirect,-0.369,H-1280
CuI,F-43m,-0.301788,-0.381261,1.13,2.57,2,2,-0.156173,-0.37601,Direct,Direct,-0.369,H-4928
CuN,F-43m,0.866026,1.514698,0.0,0.0,2,2,0.988336,1.442349,N.A.,N.A.,None,H-11463
CuO,Fm-3m,-0.807377,0.145444,0.02,0.04,2,2,-0.520354,0.215797,Indirect,Indirect,-0.8074,H-5931
CuPd,Pm-3m,-0.120728,-0.215071,0.03,0.13,2,2,-0.120728,-0.215071,Indirect,Indirect,None,H-11464
Cu,Im-3m,0.035409,0.03089,0.0,0.15,1,1,0.035409,0.03089,N.A.,Indirect,0.0,H-13359
Cu,Fm-3m,0.0,0.0,0.08,0.3,1,1,0.0,0.0,Indirect,Indirect,0.0,H-96
Dy2C,R-3m,-0.286623,-0.404903,0.0,0.0,3,2,-0.286623,-0.404903,N.A.,N.A.,None,H-6397
DyAg2,I4/mmm,-0.330395,-0.338618,0.0,0.0,3,2,-0.330395,-0.338618,N.A.,N.A.,-0.2311,H-11299
DyAl,Pm-3m,-0.394473,-0.493558,0.0,0.0,2,2,-0.394473,-0.493558,N.A.,N.A.,None,H-12991
DyAu,Pm-3m,-0.870896,-0.899917,0.0,0.0,2,2,-0.870896,-0.899917,N.A.,N.A.,-0.8644,H-2148
DyB2,P6/mmm,-0.563477,-0.643772,0.0,0.0,3,2,-0.563477,-0.643772,N.A.,N.A.,-0.313,H-907
DyBiPd,F-43m,-0.939987,-1.196091,0.0,0.11,3,3,-0.939987,-1.196091,N.A.,Direct,None,H-892
DyBiPt,F-43m,-1.036861,-1.260371,0.17,0.0,3,3,-1.036861,-1.260371,Indirect,Direct,None,H-11123
DyBi,Fm-3m,-0.878477,-1.115419,0.06,0.0,2,2,-0.878477,-1.115419,Indirect,N.A.,None,H-10821
DyCd,Pm-3m,-0.326009,-0.377361,0.0,0.0,2,2,-0.326009,-0.377361,N.A.,N.A.,None,H-4244
DyHg,Pm-3m,-0.492694,-0.56883,0.0,0.0,2,2,-0.490035,-0.599701,N.A.,N.A.,None,H-5814
DyIn3,Pm-3m,-0.414434,-0.537762,0.0,0.0,4,2,-0.414434,-0.537762,N.A.,N.A.,-0.4985,H-584
DyIn,Pm-3m,-0.466994,-0.568253,0.0,0.0,2,2,-0.466994,-0.568253,N.A.,N.A.,None,H-5245
DyMg,Pm-3m,-0.077621,-0.119171,0.0,0.0,2,2,-0.077621,-0.119171,N.A.,N.A.,None,H-7943
DyN,Fm-3m,-1.830062,-1.827894,0.05,0.85,2,2,-1.707751,-1.900243,Indirect,Indirect,None,H-11016
DyNiBi,F-43m,-0.688863,-0.872149,0.2,0.31,3,3,-0.688863,-0.872149,Indirect,Indirect,None,H-12656
DyNiSb,F-43m,-0.908347,-1.120002,0.3,0.46,3,3,-0.908347,-1.120002,Indirect,Indirect,None,H-7347
DyPPt,P-6m2,-1.466436,-1.62096,0.0,0.0,3,3,-1.351439,-1.555297,N.A.,N.A.,None,H-9359
DyP,Fm-3m,-1.786159,-1.939228,0.0,0.1,2,2,-1.613663,-1.840733,N.A.,Indirect,None,H-4800
DyPbAu,F-43m,-0.6846,-0.80284,0.0,0.01,3,3,-0.6846,-0.80284,N.A.,Direct,None,H-8673
DyS,Fm-3m,-2.20608,-2.269725,0.0,0.0,2,2,-1.987836,-2.211014,N.A.,N.A.,None,H-8475
DySb2,C222,-0.205539,-0.235468,0.0,0.0,3,2,-0.205539,-0.235468,N.A.,N.A.,None,H-3610
DySb,Fm-3m,-1.132762,-1.4139,0.09,0.0,2,2,-1.132762,-1.4139,Indirect,N.A.,None,H-9221
DySe,Fm-3m,-1.741245,-1.987037,0.0,0.0,2,2,-1.741245,-1.987037,N.A.,N.A.,None,H-6532
DySi2,Cmmm,-0.522973,-0.555053,0.0,0.0,3,2,-0.522973,-0.555053,N.A.,N.A.,-0.5659,H-7216
DyTe,Fm-3m,-1.271407,-1.54187,0.0,0.0,2,2,-1.271407,-1.54187,N.A.,N.A.,None,H-5507
DyZn,P4/mmm,-0.345844,-0.39191,0.0,0.0,2,2,-0.345844,-0.39191,N.A.,N.A.,None,H-1178
Dy,Im-3m,0.145381,0.134111,0.0,0.0,1,1,0.145381,0.134111,N.A.,N.A.,0.0,H-118
Dy,Fm-3m,0.017648,0.036901,0.0,0.01,1,1,0.017648,0.036901,N.A.,Indirect,0.0,H-193
Dy,R-3m,0.0,0.0,0.0,0.0,3,1,0.0,0.0,N.A.,N.A.,0.0,H-347
ErAg,Pm-3m,-0.345075,-0.343175,0.0,0.0,2,2,-0.345075,-0.343175,N.A.,N.A.,-0.4654,H-5978
ErAl3,Pm-3m,-0.41458,-0.49302,0.0,0.0,4,2,-0.41458,-0.49302,N.A.,N.A.,None,H-460
ErAs,Fm-3m,-1.514402,-1.774109,0.0,0.0,2,2,-1.514402,-1.774109,N.A.,N.A.,None,H-4022
ErAs,Pm-3m,-1.016366,-1.187731,0.0,0.0,2,2,-1.016366,-1.187731,N.A.,N.A.,None,H-7651
ErAu2,I4/mmm,-0.89133,-0.916325,0.0,0.0,3,2,-0.89133,-0.916325,N.A.,N.A.,-0.8903,H-8830
ErB2,Cmmm,-0.623578,-0.696064,0.0,0.0,3,2,-0.623578,-0.696064,N.A.,N.A.,-0.2829,H-10421
ErBi,Fm-3m,-0.83129,-1.059694,0.0,0.0,2,2,-0.83129,-1.059694,N.A.,N.A.,None,H-2209
ErCd,Pm-3m,-0.322533,-0.36781,0.0,0.0,2,2,-0.322533,-0.36781,N.A.,N.A.,None,H-5089
ErCu,Pm-3m,-0.278432,-0.284016,0.0,0.0,2,2,-0.278432,-0.284016,N.A.,N.A.,None,H-6126
ErH2,Fm-3m,-0.776756,-0.778685,0.0,0.14,3,2,-0.71145,-0.810988,N.A.,Indirect,None,H-2354
ErHg,Pm-3m,-0.491652,-0.562554,0.0,0.0,2,2,-0.488993,-0.593426,N.A.,N.A.,None,H-8049
ErInAu2,Fm-3m,-0.709564,-0.760074,0.09,0.29,4,3,-0.709564,-0.760074,Indirect,Indirect,None,H-807
ErIr,Pm-3m,-0.885421,-1.058832,0.0,0.0,2,2,-0.885421,-1.058832,N.A.,N.A.,-0.8592,H-10735
ErN,Pm-3m,-0.94825,-0.94183,0.01,0.37,2,2,-0.82594,-1.014179,Indirect,Indirect,None,H-4637
ErNiSb,F-43m,-0.906855,-1.112888,0.26,0.49,3,3,-0.906855,-1.112888,Indirect,Indirect,None,H-9908
ErP,Fm-3m,-1.782073,-1.9264,0.0,0.08,2,2,-1.609577,-1.827905,N.A.,Indirect,None,H-5718
ErPbAu,F-43m,-0.663339,-0.775695,0.0,0.0,3,3,-0.663339,-0.775695,N.A.,Direct,None,H-10862
ErPd,Pm-3m,-0.916179,-1.068034,0.0,0.0,2,2,-0.916179,-1.068034,N.A.,N.A.,-0.9442,H-6150
ErRh,Pm-3m,-0.915622,-1.15302,0.0,0.0,2,2,-0.915622,-1.15302,N.A.,N.A.,-0.9058,H-10096
ErSi2,P6/mmm,-0.4887,-0.509894,0.0,0.0,3,2,-0.4887,-0.509894,N.A.,N.A.,-0.6488,H-9481
ErTe,Fm-3m,-1.200335,-1.423171,0.0,0.0,2,2,-1.200335,-1.423171,N.A.,N.A.,None,H-2432
ErTl,Pm-3m,-0.306272,-0.409366,0.0,0.0,2,2,-0.306272,-0.409366,N.A.,N.A.,None,H-13051
ErZn,Pm-3m,-0.353044,-0.388112,0.0,0.0,2,2,-0.353044,-0.388112,N.A.,N.A.,None,H-7496
Er,Cmcm,0.0,0.0,0.0,0.0,2,1,0.0,0.0,N.A.,N.A.,0.0,H-12
Er,Fm-3m,0.025804,0.061688,0.0,0.1,1,1,0.025804,0.061688,N.A.,Indirect,0.0,H-238
EuCd,Pm-3m,-0.472031,-0.463988,0.0,0.0,2,2,-0.472031,-0.463988,N.A.,N.A.,None,H-13116
EuHg,Pm-3m,-0.712698,-0.71961,0.0,0.0,2,2,-0.710039,-0.750482,N.A.,N.A.,None,H-2732
EuIn,P4/mmm,-0.575266,-0.642138,0.0,0.0,2,2,-0.575266,-0.642138,N.A.,N.A.,None,H-3864
EuMg,Pm-3m,-0.08962,-0.112066,0.0,0.0,2,2,-0.08962,-0.112066,N.A.,N.A.,None,H-5025
EuN,Fm-3m,-0.608413,-0.331547,0.0,0.0,2,2,-0.486103,-0.403896,N.A.,N.A.,None,H-5732
EuO,Fm-3m,-3.491577,-3.653213,2.72,4.11,2,2,-3.204555,-3.58286,Direct,Direct,-3.0575,H-7532
EuP,Fm-3m,-0.97498,-0.911485,0.0,0.0,2,2,-0.802484,-0.81299,N.A.,N.A.,None,H-1347
EuPb,P4/mmm,-0.670624,-0.792968,0.0,0.0,2,2,-0.670624,-0.792968,N.A.,N.A.,None,H-8080
EuS,Fm-3m,-2.539466,-2.609166,2.03,2.88,2,2,-2.321222,-2.550455,Indirect,Indirect,-2.1682,H-1655
EuSe,Fm-3m,-2.198249,-2.457377,1.76,2.56,2,2,-2.198249,-2.457377,Indirect,Indirect,None,H-8430
EuSi2,Cmmm,-0.466157,-0.471869,0.0,0.0,3,2,-0.466157,-0.471869,N.A.,N.A.,None,H-10494
EuTe,Pm-3m,-1.590255,-1.907809,0.27,0.65,2,2,-1.590255,-1.907809,Indirect,Direct,None,H-11297
EuTe,Fm-3m,-1.818242,-2.077191,1.34,1.98,2,2,-1.818242,-2.077191,Indirect,Indirect,None,H-12358
EuTl,Pm-3m,-0.559501,-0.636374,0.0,0.0,2,2,-0.559501,-0.636374,N.A.,N.A.,None,H-8085
EuZnGe,Pm,-0.638688,-0.693213,0.0,0.0,3,3,-0.638688,-0.693213,N.A.,N.A.,None,H-10686
Eu,Im-3m,0.0,0.0,0.05,0.09,1,1,0.0,0.0,Indirect,Indirect,0.0,H-18
Eu,Fm-3m,0.01496,0.000574,0.06,0.26,1,1,0.01496,0.000574,Indirect,Indirect,0.0,H-284
F,C2/c,0.0,0.001629,2.59,5.81,4,1,0.0,0.001629,Direct,Direct,None,H-262
F,C2/m,0.00133,0.0,2.5,5.71,4,1,0.00133,0.0,Indirect,Indirect,None,H-62
FeN,F-43m,-0.251355,0.523574,0.0,0.0,2,2,-0.129045,0.451225,N.A.,N.A.,None,H-6837
FeNi,P4/mmm,-0.065069,-0.172765,0.0,0.0,2,2,-0.065069,-0.172765,N.A.,N.A.,None,H-10384
FeRh,Pm-3m,-0.031366,-0.564112,0.0,0.0,2,2,-0.031366,-0.564112,N.A.,N.A.,None,H-6094
FeSe,P4/mmm,0.242879,0.154918,0.0,0.0,2,2,0.242879,0.154918,N.A.,N.A.,None,H-2915
Fe,Im-3m,0.0,0.0,0.0,0.0,1,1,0.0,0.0,N.A.,N.A.,0.0,H-139
Fe,P63/mmc,0.088773,1.886084,0.0,0.0,2,1,0.088773,1.886084,N.A.,N.A.,0.0,H-155
Ga2Au,Fm-3m,-0.240161,0.08215,0.0,0.0,3,2,-0.240161,0.08215,N.A.,N.A.,None,H-10930
GaAg,Pm-3m,0.052469,0.311841,0.0,0.0,2,2,0.052469,0.311841,N.A.,N.A.,None,H-1641
GaAs,F-43m,-0.348886,-0.23353,0.17,0.99,2,2,-0.348886,-0.23353,Direct,Direct,-0.4604,H-5110
GaBi,F-43m,0.006724,0.14691,0.09,0.01,2,2,0.006724,0.14691,Indirect,Indirect,None,H-4406
GaP,F-43m,-0.576422,-0.376235,1.6,2.35,2,2,-0.403926,-0.27774,Direct,Indirect,-0.5941,H-4880
GaRh,Pm-3m,-0.658791,-0.692968,0.0,0.0,2,2,-0.658791,-0.692968,N.A.,N.A.,-0.7587,H-2713
GaRu,Pm-3m,-0.263539,-0.207693,0.0,0.0,2,2,-0.263539,-0.207693,N.A.,N.A.,-0.3669,H-519
GaSb,F-43m,-0.165077,-0.039318,0.0,0.46,2,2,-0.165077,-0.039318,N.A.,Direct,-0.2155,H-5075
Ga,Cmca,0.0,0.464676,0.0,0.0,4,1,0.0,0.464676,N.A.,N.A.,0.0,H-192
Ga,I4/mmm,0.019496,0.519714,0.0,0.0,1,1,0.019496,0.519714,N.A.,N.A.,0.0,H-273
Ga,P-1,0.016745,0.0,0.0,0.0,2,1,0.016745,0.0,N.A.,N.A.,0.0,H-34
Ga,C2/m,0.018303,0.520652,0.0,0.0,4,1,0.018303,0.520652,N.A.,N.A.,0.0,H-89
GdAg2,I4/mmm,-0.314293,-0.323508,0.0,0.0,3,2,-0.314293,-0.323508,N.A.,N.A.,-0.2477,H-10085
GdAg,Pm-3m,-0.316442,-0.322372,0.0,0.0,2,2,-0.316442,-0.322372,N.A.,N.A.,None,H-7661
GdAl,Pm-3m,-0.390658,-0.49705,0.0,0.0,2,2,-0.390658,-0.49705,N.A.,N.A.,-0.4084,H-9612
GdAs,Fm-3m,-1.540086,-1.806471,0.0,0.0,2,2,-1.540086,-1.806471,N.A.,N.A.,None,H-11222
GdAu2,I4/mmm,-0.856453,-0.883227,0.0,0.0,3,2,-0.856453,-0.883227,N.A.,N.A.,None,H-949
GdAu,Pm-3m,-0.84509,-0.872476,0.0,0.0,2,2,-0.84509,-0.872476,N.A.,N.A.,None,H-4821
GdBiPt,F-43m,-1.039712,-1.264385,0.0,0.0,3,3,-1.039712,-1.264385,N.A.,Direct,None,H-8641
GdBi,Fm-3m,-0.917829,-1.156182,0.04,0.0,2,2,-0.917829,-1.156182,Indirect,N.A.,None,H-11046
GdC2,I4/mmm,-0.189245,-0.249928,0.0,0.0,3,2,-0.189245,-0.249928,N.A.,N.A.,-0.257,H-1644
GdCd,Pm-3m,-0.327205,-0.374448,0.0,0.0,2,2,-0.327205,-0.374448,N.A.,N.A.,None,H-1596
GdCu,Pm-3m,-0.222444,-0.242087,0.0,0.04,2,2,-0.222444,-0.242087,N.A.,Indirect,None,H-3566
GdGa2,Cmmm,-0.665188,-0.472461,0.0,0.0,3,2,-0.665188,-0.472461,N.A.,N.A.,None,H-5668
GdH2,Fm-3m,-0.76535,-0.778209,0.0,0.09,3,2,-0.700044,-0.810512,N.A.,Indirect,None,H-5996
GdIn,Pm-3m,-0.489945,-0.601571,0.0,0.0,2,2,-0.489945,-0.601571,N.A.,N.A.,None,H-4461
GdNiBi,F-43m,-0.693262,-0.875874,0.24,0.34,3,3,-0.693262,-0.875874,Indirect,Indirect,None,H-12029
GdO,F-43m,-2.966657,-3.041836,0.0,0.0,2,2,-2.679635,-2.971483,N.A.,N.A.,None,H-13273
GdP,Fm-3m,-1.777938,-1.930971,0.0,0.08,2,2,-1.605441,-1.832476,N.A.,Indirect,None,H-8320
GdPt3,Pm-3m,-0.969152,-1.118907,0.0,0.0,4,2,-0.969152,-1.118907,N.A.,N.A.,None,H-608
GdRh,Pm-3m,-0.786953,-1.015435,0.0,0.0,2,2,-0.786953,-1.015435,N.A.,N.A.,-0.7504,H-3806
GdS,Fm-3m,-2.235844,-2.304831,0.0,0.0,2,2,-2.0176,-2.24612,N.A.,N.A.,None,H-3717
GdSbPt,F-43m,-1.208456,-1.463904,0.11,0.73,3,3,-1.208456,-1.463904,Direct,Direct,None,H-11296
GdSbPt,F-43m,-0.659219,-0.894162,0.0,0.28,3,3,-0.659219,-0.894162,N.A.,Direct,None,H-1135
GdSb,Fm-3m,-1.163515,-1.443348,0.08,0.0,2,2,-1.163515,-1.443348,Indirect,N.A.,None,H-11211
GdSe,Fm-3m,-1.787696,-2.039499,0.0,0.01,2,2,-1.787696,-2.039499,N.A.,Indirect,None,H-11125
GdSi2,Cmmm,-0.549853,-0.590152,0.0,0.0,3,2,-0.549853,-0.590152,N.A.,N.A.,-0.6115,H-1099
GdTe,Fm-3m,-1.332972,-1.575766,0.0,0.0,2,2,-1.332972,-1.575766,N.A.,N.A.,None,H-4135
GdTh,Pm-3m,0.160133,0.140851,0.0,0.0,2,2,0.160133,0.140851,N.A.,N.A.,None,H-7043
GdTl,Pm-3m,-0.363244,-0.479493,0.0,0.0,2,2,-0.363244,-0.479493,N.A.,N.A.,None,H-893
Gd,Cmcm,0.0,0.002329,0.0,0.0,4,1,0.0,0.002329,N.A.,N.A.,0.0,H-222
Gd,R-3m,0.00124,0.0,0.0,0.0,3,1,0.00124,0.0,N.A.,N.A.,0.0,H-239
Gd,Fm-3m,0.01256,0.025623,0.0,0.0,1,1,0.01256,0.025623,N.A.,N.A.,0.0,H-53
GeC,F-43m,0.435704,0.378074,1.74,2.39,2,2,0.435704,0.378074,Indirect,Indirect,None,H-1743
GeP,I4mm,-0.111687,-0.002691,0.0,0.0,2,2,0.060809,0.095804,N.A.,N.A.,-0.1088,H-3664
GeP,F-43m,0.104683,0.280064,0.0,0.0,2,2,0.277179,0.378559,N.A.,N.A.,-0.1088,H-6223
GeSe,Fm-3m,-0.213053,-0.162678,0.44,0.26,2,2,-0.213053,-0.162678,Direct,Direct,-0.3578,H-2528
GeTe,Pm-3m,0.246424,0.341025,0.0,0.0,2,2,0.246424,0.341025,N.A.,N.A.,-0.1036,H-4961
Ge,Fd-3m,0.0,0.0,0.0,0.34,2,1,0.0,0.0,Direct,Direct,0.0,H-256
Ge,Fm-3m,0.329826,0.481056,0.0,0.0,1,1,0.329826,0.481056,N.A.,N.A.,0.0,H-294
H2Se,Fm-3m,0.707653,0.92453,0.0,0.0,3,2,0.77296,0.892227,N.A.,N.A.,None,H-9326
HBr,Fmmm,-0.259319,0.00526,1.38,2.39,2,2,0.044835,0.033938,Indirect,Indirect,None,H-11884
HCN,I4mm,0.183799,0.380044,6.81,8.38,3,3,0.297992,0.31566,Indirect,Indirect,None,H-1054
HCN,Imm2,0.183385,0.379983,6.77,8.34,3,3,0.297579,0.315599,Indirect,Indirect,None,H-8403
HCl,Fm-3m,0.404044,0.850767,0.0,0.0,2,2,0.753287,0.880674,N.A.,N.A.,None,H-2740
HPd,Fm-3m,-0.126358,-0.151396,0.0,0.1,2,2,-0.077378,-0.175623,N.A.,Indirect,None,H-6786
H,Fm-3m,1.210205,1.317087,0.0,0.7,1,1,1.210205,1.317087,N.A.,Indirect,None,H-285
H,P-1,0.0,7.4e-05,7.55,9.02,2,1,0.0,7.4e-05,Indirect,Indirect,None,H-358
H,P-1,0.000466,0.0,7.99,9.47,2,1,0.000466,0.0,Indirect,Indirect,None,H-41
He,P6/mmm,0.003588,0.005672,16.24,18.81,1,1,0.003588,0.005672,Indirect,Indirect,None,H-128
He,Fm-3m,0.0,0.0,18.12,20.85,1,1,0.0,0.0,Indirect,Indirect,None,H-295
He,Im-3m,0.000264,0.001541,18.02,20.67,1,1,0.000264,0.001541,Indirect,Indirect,None,H-345
Hf2Au,I4/mmm,-0.446648,-0.53591,0.0,0.0,3,2,-0.446648,-0.53591,Indirect,N.A.,None,H-7220
Hf2Hg,I4/mmm,-0.126401,-0.257615,0.0,0.0,3,2,-0.124629,-0.278197,N.A.,N.A.,None,H-7061
Hf2Pd,I4/mmm,-0.519738,-0.664853,0.0,0.0,3,2,-0.519738,-0.664853,N.A.,N.A.,-0.5431,H-7269
Hf2Tl,I4/mmm,0.023947,-0.138807,0.0,0.0,3,2,0.023947,-0.138807,N.A.,N.A.,None,H-11018
Hf2Zn,I4/mmm,-0.175597,-0.270896,0.0,0.0,3,2,-0.175597,-0.270896,N.A.,N.A.,None,H-9998
HfB2,P6/mmm,-1.022048,-1.155451,0.0,0.0,3,2,-1.022048,-1.155451,N.A.,N.A.,-1.1361,H-8977
HfB,Fm-3m,-0.415952,-0.475616,0.0,0.0,2,2,-0.415952,-0.475616,N.A.,N.A.,None,H-7638
HfC,Fm-3m,-0.949986,-1.130414,0.0,0.0,2,2,-0.949986,-1.130414,N.A.,N.A.,-1.1925,H-11597
HfC,P-6m2,-0.185719,-0.288533,0.09,0.0,2,2,-0.185719,-0.288533,Indirect,N.A.,-1.1925,H-6893
HfN,Fm-3m,-1.870502,-1.879664,0.0,0.0,2,2,-1.748192,-1.952013,N.A.,N.A.,-1.9132,H-11775
HfO2,Fm-3m,-3.856117,-4.11626,3.8,5.35,3,2,-3.47342,-4.022457,Direct,Direct,-3.8541,H-10812
HfPt,Pm-3m,-0.972095,-1.110692,0.0,0.0,2,2,-0.972095,-1.110692,N.A.,Indirect,-1.1784,H-961
HfRu,Pm-3m,-0.793618,-1.119451,0.0,0.02,2,2,-0.793618,-1.119451,N.A.,Indirect,-0.9514,H-4645
HfSbRu,F-43m,-0.515908,-0.759119,0.0,0.0,3,3,-0.515908,-0.759119,N.A.,N.A.,None,H-10127
HfSe,P-6m2,-1.173698,-1.444848,0.0,0.08,2,2,-1.173698,-1.444848,N.A.,Indirect,None,H-11832
HfSnPd,F-43m,-0.699772,-0.924025,0.38,0.61,3,3,-0.708397,-0.921348,Indirect,Indirect,None,H-3532
HfSnPt,F-43m,-0.254589,-0.3232,0.0,0.0,3,3,-0.263214,-0.320523,N.A.,N.A.,None,H-5264
HfTc,Pm-3m,-0.455983,-0.629678,0.0,0.0,2,2,-0.455983,-0.629678,N.A.,N.A.,None,H-10021
Hf,Fm-3m,0.072185,0.0,0.0,0.0,1,1,0.072185,0.0,N.A.,N.A.,0.0,H-143
Hg2Pt,P4/mmm,-0.053226,-0.132969,0.0,0.0,3,2,-0.049681,-0.174131,N.A.,N.A.,None,H-12868
Hg2Rh,P4/mmm,0.010622,-0.078679,0.0,0.0,3,2,0.014167,-0.119841,N.A.,N.A.,None,H-9013
HgF2,Fm-3m,-1.651738,-1.627063,0.9,2.85,3,2,-1.383022,-1.510973,Direct,Indirect,-1.4599,H-5721
HgPd,P4/mmm,-0.157025,-0.323049,0.0,0.0,2,2,-0.154366,-0.353921,N.A.,N.A.,None,H-8008
HgPt,P4/mmm,0.063205,-0.061677,0.0,0.0,2,2,0.065864,-0.092548,N.A.,N.A.,None,H-11288
HgS,F-43m,-0.341083,-0.293056,0.0,0.34,2,2,-0.12018,-0.265217,N.A.,Direct,-0.3057,H-11542
HgSe,F-43m,-0.205117,-0.323041,0.0,0.09,2,2,-0.202458,-0.353913,N.A.,Direct,-0.3078,H-6096
HgSe,Fm-3m,-0.044599,-0.062456,0.0,0.0,2,2,-0.04194,-0.093328,N.A.,N.A.,-0.3078,H-6702
HgTe,F-43m,-0.165958,-0.246634,0.0,0.0,2,2,-0.163299,-0.277506,N.A.,Direct,-0.2349,H-6494
Hg,C2/m,0.0,0.004013,0.0,0.08,3,1,0.0,0.004013,N.A.,Indirect,-0.0011,H-144
Hg,I4/mmm,0.001566,0.0,0.0,0.01,1,1,0.001566,0.0,N.A.,Indirect,-0.0011,H-181
Ho2C,R-3m,-0.308858,-0.401255,0.0,0.0,3,2,-0.308858,-0.401255,N.A.,N.A.,None,H-9277
HoAg2,I4/mmm,-0.336445,-0.331113,0.0,0.0,3,2,-0.336445,-0.331113,N.A.,N.A.,-0.2591,H-2452
HoAg,Pm-3m,-0.339977,-0.325757,0.0,0.0,2,2,-0.339977,-0.325757,N.A.,N.A.,None,H-2208
HoAs,Fm-3m,-1.524566,-1.772542,0.0,0.0,2,2,-1.524566,-1.772542,N.A.,N.A.,None,H-2709
HoAu2,I4/mmm,-0.884741,-0.9039,0.0,0.0,3,2,-0.884741,-0.9039,N.A.,N.A.,-0.8768,H-8332
HoBiPt,F-43m,-1.032602,-1.243569,0.18,0.0,3,3,-1.032602,-1.243569,Indirect,Direct,None,H-7756
HoBi,Fm-3m,-0.855553,-1.072692,0.0,0.0,2,2,-0.855553,-1.072692,N.A.,N.A.,None,H-7692
HoC2,I4/mmm,-0.202737,-0.247211,0.0,0.0,3,2,-0.202737,-0.247211,N.A.,N.A.,-0.2964,H-12079
HoCu,Pm-3m,-0.266535,-0.261223,0.0,0.0,2,2,-0.266535,-0.261223,N.A.,N.A.,None,H-11031
HoH2,Fm-3m,-0.776798,-0.772272,0.0,0.15,3,2,-0.711491,-0.804575,N.A.,Indirect,None,H-1019
HoHSe,P-6m2,-1.477392,-1.629525,1.49,2.26,3,3,-1.444739,-1.645676,Indirect,Indirect,None,H-7104
HoHg,Pm-3m,-0.49295,-0.550565,0.0,0.0,2,2,-0.490291,-0.581437,N.A.,N.A.,None,H-3123
HoIn,Pm-3m,-0.457169,-0.542288,0.0,0.0,2,2,-0.457169,-0.542288,N.A.,N.A.,None,H-6000
HoIr,Pm-3m,-0.852874,-1.007903,0.0,0.0,2,2,-0.852874,-1.007903,N.A.,N.A.,-0.8364,H-5227
HoNiBi,F-43m,-0.683828,-0.855627,0.18,0.36,3,3,-0.683828,-0.855627,Indirect,Indirect,None,H-2636
HoP,Fm-3m,-1.78525,-1.918353,0.0,0.07,2,2,-1.612753,-1.819858,N.A.,Indirect,None,H-1730
HoPbAu,F-43m,-0.674297,-0.779036,0.0,0.0,3,3,-0.674297,-0.779036,N.A.,Direct,None,H-8269
HoPt3,Pm-3m,-1.029097,-1.165209,0.0,0.0,4,2,-1.029097,-1.165209,N.A.,N.A.,-0.9877,H-853
HoRh,Pm-3m,-0.884663,-1.10614,0.0,0.0,2,2,-0.884663,-1.10614,N.A.,N.A.,-0.9038,H-9928
HoS,Fm-3m,-2.18607,-2.226779,0.0,0.0,2,2,-1.967825,-2.168068,N.A.,N.A.,None,H-7340
HoSb2,C222,-0.201608,-0.215928,0.0,0.0,3,2,-0.201608,-0.215928,N.A.,N.A.,None,H-11579
HoSbPd,F-43m,-0.714764,-0.983154,0.41,0.9,3,3,-0.714764,-0.983154,Indirect,Indirect,None,H-9176
HoSbPt,F-43m,-1.21622,-1.458941,0.0,0.56,3,3,-1.21622,-1.458941,N.A.,Direct,None,H-3788
HoSb,Fm-3m,-1.113707,-1.375357,0.1,0.0,2,2,-1.113707,-1.375357,Indirect,N.A.,None,H-1658
HoSe,Fm-3m,-1.712954,-1.936184,0.0,0.02,2,2,-1.712954,-1.936184,N.A.,Indirect,None,H-10896
HoTe,Fm-3m,-1.23675,-1.450793,0.0,0.0,2,2,-1.23675,-1.450793,N.A.,N.A.,None,H-10767
Ho,Cmcm,0.002769,0.0,0.0,0.0,2,1,0.002769,0.0,N.A.,N.A.,0.0,H-200
Ho,R-3m,0.0,0.035716,0.0,0.0,3,1,0.0,0.035716,N.A.,N.A.,0.0,H-291
Ho,Fm-3m,0.020879,0.08096,0.0,0.1,1,1,0.020879,0.08096,N.A.,Indirect,0.0,H-298
I,Cmca,0.0,0.038353,1.02,1.73,4,1,0.0,0.038353,Indirect,Indirect,0.0,H-173
I,Immm,0.073909,0.0,0.0,3.03,1,1,0.073909,0.0,N.A.,Indirect,0.0,H-86
InAs,F-43m,-0.24509,-0.401201,0.0,0.23,2,2,-0.24509,-0.401201,Direct,Direct,-0.3028,H-2250
InN,F-43m,-0.018176,0.114241,0.0,0.33,2,2,0.104135,0.041893,N.A.,Direct,-0.5003,H-3093
InN,Fm-3m,0.186317,0.305384,0.44,0.67,2,2,0.308627,0.233035,Indirect,Indirect,-0.5003,H-5070
InNi,Pm-3m,-0.085579,-0.19467,0.03,0.01,2,2,-0.085579,-0.19467,Indirect,Indirect,None,H-4722
InP,F-43m,-0.391167,-0.422553,0.47,1.22,2,2,-0.218671,-0.324058,Direct,Direct,-0.386,H-10491
InPd,Pm-3m,-0.485844,-0.715161,0.0,0.0,2,2,-0.485844,-0.715161,N.A.,N.A.,-0.7151,H-6799
InSb,F-43m,-0.12946,-0.246381,0.0,0.08,2,2,-0.12946,-0.246381,Direct,Direct,-0.1581,H-3329
InSb,Pm-3m,0.100984,0.141744,0.0,0.0,2,2,0.100984,0.141744,N.A.,N.A.,-0.1581,H-478
InSb,Fm-3m,0.016464,-0.069285,0.0,0.0,2,2,0.016464,-0.069285,N.A.,N.A.,-0.1581,H-5932
InTe,Pm-3m,-0.084835,-0.091209,0.0,0.0,2,2,-0.084835,-0.091209,N.A.,N.A.,-0.3729,H-1550
InTe,Fm-3m,-0.294995,-0.350266,0.0,0.05,2,2,-0.294995,-0.350266,N.A.,Indirect,-0.3729,H-550
In,Fm-3m,0.000357,0.002578,0.0,0.0,1,1,0.000357,0.002578,N.A.,N.A.,0.0,H-13360
In,I4/mmm,0.0,0.0,0.0,0.0,1,1,0.0,0.0,N.A.,N.A.,0.0,H-317
IrC2,I4/mmm,1.46247,1.449805,0.0,0.0,3,2,1.46247,1.449805,N.A.,N.A.,None,H-12897
IrC,Amm2,1.227676,1.313658,0.0,0.0,2,2,1.227676,1.313658,N.A.,N.A.,None,H-11333
IrN,F-43m,0.646693,0.939642,0.0,0.0,2,2,0.769003,0.867293,N.A.,N.A.,None,H-13221
IrN,Fm-3m,1.365985,1.442511,0.0,0.0,2,2,1.488295,1.370162,N.A.,N.A.,None,H-8181
Ir,Fm-3m,0.0,0.0,0.0,0.0,1,1,0.0,0.0,N.A.,N.A.,0.0,H-326
K2O,Fm-3m,-1.217835,-1.19928,1.72,2.94,3,2,-1.026487,-1.152379,Indirect,Indirect,-1.2496,H-10178
K2S,Fm-3m,-1.209547,-1.182318,2.34,3.26,3,2,-1.064051,-1.143177,Indirect,Indirect,-1.3009,H-8533
K2Se,Fm-3m,-1.106516,-1.208389,2.11,2.96,3,2,-1.106516,-1.208389,Indirect,Indirect,-1.3298,H-9385
KAuC2,P4/mmm,0.148438,0.17979,2.02,2.85,4,3,0.148438,0.17979,Indirect,Indirect,None,H-444
KBr,Pm-3m,-1.949881,-1.885963,3.9,5.04,2,2,-1.694707,-1.833058,Indirect,Indirect,-2.0389,H-11097
KBr,Fm-3m,-2.022428,-1.957792,4.32,5.48,2,2,-1.767254,-1.904887,Direct,Direct,-2.0389,H-2707
KCl,Fm-3m,-2.258098,-2.107516,5.07,6.37,2,2,-1.957835,-2.053382,Direct,Direct,-2.263,H-10350
KCl,Pm-3m,-2.180307,-2.032506,4.83,6.15,2,2,-1.880044,-1.978372,Indirect,Indirect,-2.263,H-5548
KF,Fm-3m,-2.914843,-2.923575,5.96,7.97,2,2,-2.714636,-2.821072,Direct,Direct,-2.9466,H-11406
KGdTe2,R-3m,-1.406921,-1.628872,1.28,1.94,4,3,-1.406921,-1.628872,Indirect,Indirect,None,H-746
KH,Fm-3m,-0.261709,-0.213677,3.52,4.51,2,2,-0.212729,-0.237905,Indirect,Direct,-0.2996,H-8481
KI,Pm-3m,-1.573803,-1.550196,3.25,4.21,2,2,-1.428188,-1.544945,Indirect,Indirect,-1.7065,H-11089
KI,Fm-3m,-1.643352,-1.620593,3.86,4.85,2,2,-1.497737,-1.615342,Direct,Direct,-1.7065,H-7523
KSmTe2,R-3m,-1.4119,-1.631715,1.29,1.91,4,3,-1.4119,-1.631715,Indirect,Indirect,None,H-613
KSnS2,R-3m,-0.913176,-0.758929,0.0,0.0,4,3,-0.701401,-0.69821,N.A.,N.A.,None,H-465
KZnAs,P-6m2,-0.473786,-0.547686,0.19,0.91,3,3,-0.473786,-0.547686,Indirect,Indirect,None,H-932
KZnSb,P-6m2,-0.402218,-0.491692,0.34,1.1,3,3,-0.402218,-0.491692,Indirect,Indirect,None,H-2242
K,Fm-3m,0.000254,0.000741,0.07,0.07,1,1,0.000254,0.000741,Indirect,Indirect,0.0,H-111
K,Im-3m,0.001139,0.001411,0.06,0.06,1,1,0.001139,0.001411,Indirect,Indirect,0.0,H-263
K,Cmca,9.1e-05,0.0,0.0,0.0,8,1,9.1e-05,0.0,N.A.,N.A.,0.0,H-350
K,P4/mmm,0.104435,0.106611,0.0,0.0,1,1,0.104435,0.106611,N.A.,N.A.,0.0,H-355
Kr,Fm-3m,0.000222,0.0,7.18,8.57,1,1,0.000222,0.0,Direct,Direct,None,H-67
Kr,Cmcm,0.0,0.000195,7.16,8.54,2,1,0.0,0.000195,Direct,Direct,None,H-75
LaAg,Pm-3m,-0.265541,-0.286726,0.0,0.0,2,2,-0.265541,-0.286726,N.A.,N.A.,-0.1752,H-3275
LaAs,Fm-3m,-1.573578,-1.841636,0.09,0.02,2,2,-1.573578,-1.841636,Indirect,Indirect,None,H-11417
LaAs,P4/mmm,-1.197516,-1.371732,0.0,0.0,2,2,-1.197516,-1.371732,N.A.,N.A.,None,H-9938
LaBi,Fm-3m,-1.071261,-1.388513,0.0,0.0,2,2,-1.071261,-1.388513,N.A.,N.A.,None,H-9735
LaC2,I4/mmm,-0.170401,-0.225656,0.0,0.0,3,2,-0.170401,-0.225656,N.A.,N.A.,-0.2819,H-2109
LaCd,Pm-3m,-0.339923,-0.391621,0.0,0.0,2,2,-0.339923,-0.391621,N.A.,N.A.,None,H-5323
LaGa2,Cmmm,-0.704799,-0.524096,0.0,0.0,3,2,-0.704799,-0.524096,N.A.,N.A.,None,H-3765
LaH2,Fm-3m,-0.719128,-0.73872,0.01,0.0,3,2,-0.653821,-0.771023,Indirect,N.A.,-0.6953,H-1488
LaMg,Pm-3m,-0.120473,-0.184712,0.0,0.06,2,2,-0.120473,-0.184712,N.A.,Indirect,-0.051,H-10758
LaN,Fm-3m,-1.436766,-1.374323,0.02,0.82,2,2,-1.314456,-1.446672,Direct,Direct,-1.5719,H-10547
LaN,Pm-3m,-0.848872,-0.725736,0.0,0.0,2,2,-0.726562,-0.798084,N.A.,N.A.,-1.5719,H-7017
LaP,Fm-3m,-1.749413,-1.904614,0.17,0.12,2,2,-1.576917,-1.806119,Indirect,Indirect,None,H-10617
LaS,Fm-3m,-2.382068,-2.430451,0.0,0.0,2,2,-2.163823,-2.37174,N.A.,N.A.,-2.3633,H-13195
LaSb,P4/mmm,-1.053265,-1.253074,0.0,0.0,2,2,-1.053265,-1.253074,N.A.,N.A.,None,H-9875
LaSe,Fm-3m,-1.996469,-2.233312,0.0,0.0,2,2,-1.996469,-2.233312,N.A.,N.A.,-1.8647,H-2626
LaTe,Fm-3m,-1.592212,-1.832178,0.0,0.0,2,2,-1.592212,-1.832178,N.A.,N.A.,-1.5611,H-6906
LaTl,Pm-3m,-0.42587,-0.602131,0.0,0.0,2,2,-0.42587,-0.602131,N.A.,N.A.,None,H-4830
LaZn,Pm-3m,-0.321866,-0.354031,0.0,0.0,2,2,-0.321866,-0.354031,N.A.,N.A.,None,H-10105
La,Fm-3m,0.007527,0.0,0.0,0.02,1,1,0.007527,0.0,N.A.,Indirect,0.0,H-229
Li2B,P-3m1,0.357947,0.387726,0.0,0.0,3,2,0.357947,0.387726,N.A.,N.A.,None,H-1038
Li2Pd,Cmmm,-0.379962,-0.456689,0.0,0.0,3,2,-0.379962,-0.456689,N.A.,N.A.,None,H-8462
Li2Pt,Cmmm,-0.545816,-0.593214,0.0,0.0,3,2,-0.545816,-0.593214,N.A.,N.A.,None,H-906
Li2S,Fm-3m,-1.495355,-1.531117,3.43,4.32,3,2,-1.349859,-1.491977,Indirect,Indirect,-1.5423,H-8928
Li2Se,Fm-3m,-1.272537,-1.436355,2.97,3.82,3,2,-1.272537,-1.436355,Indirect,Indirect,-1.3877,H-759
Li2Te,None,-1.045364,-1.214512,2.54,3.19,3,2,-1.045364,-1.214512,Indirect,Indirect,-1.2286,H-6002
LiAg,Pm-3m,-0.225301,-0.205535,0.0,0.0,2,2,-0.225301,-0.205535,N.A.,N.A.,None,H-7419
LiAl2Ir,Fm-3m,-0.733349,-0.849669,0.0,0.22,4,3,-0.733349,-0.849669,N.A.,Indirect,None,H-726
LiAlGe,F-43m,-0.299922,-0.363547,0.05,0.51,3,3,-0.299922,-0.363547,Indirect,Indirect,None,H-6064
LiAlSi,F-43m,-0.223021,-0.270536,0.11,0.57,3,3,-0.223021,-0.270536,Indirect,Indirect,None,H-6027
LiBi,P4/mmm,-0.387047,-0.440242,0.0,0.0,2,2,-0.387047,-0.440242,N.A.,N.A.,None,H-12011
LiBr,Fm-3m,-1.803444,-1.776137,4.93,6.23,2,2,-1.54827,-1.723232,Indirect,Indirect,-1.8198,H-10012
LiCl,Fm-3m,-2.116341,-2.004553,6.29,7.79,2,2,-1.816079,-1.950419,Indirect,Direct,-2.1157,H-4350
LiCu2Si,Fm-3m,-0.227706,-0.239768,0.0,0.0,4,3,-0.227706,-0.239768,N.A.,N.A.,None,H-498
LiGaSi,F-43m,-0.168536,-0.047844,0.18,0.65,3,3,-0.168536,-0.047844,Indirect,Indirect,None,H-5670
LiHPd,P4/mmm,-0.198027,-0.250212,0.0,0.0,3,3,-0.165374,-0.266363,N.A.,N.A.,None,H-11923
LiH,Fm-3m,-0.481916,-0.472082,2.97,3.95,2,2,-0.432935,-0.496309,Direct,Direct,-0.472,H-597
LiHg,Pm-3m,-0.384409,-0.386909,0.04,0.05,2,2,-0.38175,-0.41778,Indirect,Indirect,None,H-9242
LiI,Fm-3m,-1.346776,-1.357589,4.26,5.34,2,2,-1.201162,-1.352338,Indirect,Indirect,-1.4158,H-7742
LiInGe,F-43m,-0.333536,-0.304433,0.0,0.0,3,3,-0.333536,-0.304433,N.A.,Direct,None,H-7984
LiMgAs,F-43m,-0.753139,-0.884866,1.37,1.96,3,3,-0.753139,-0.884866,Indirect,Indirect,None,H-5746
LiMgBi,F-43m,-0.430105,-0.549904,0.41,0.95,3,3,-0.430105,-0.549904,Direct,Direct,None,H-2333
LiMgP,F-43m,-0.534458,-0.561024,0.0,0.6,3,3,-0.41946,-0.49536,Indirect,Indirect,None,H-8182
LiPd,Amm2,-0.440567,-0.541024,0.0,0.0,2,2,-0.440567,-0.541024,N.A.,N.A.,None,H-11502
LiPd,Pm-3m,-0.418666,-0.546837,0.0,0.3,2,2,-0.418666,-0.546837,N.A.,Indirect,None,H-11650
LiRhO2,R-3m,-1.534008,-1.767105,1.35,3.32,4,3,-1.246985,-1.696752,Indirect,Indirect,None,H-711
LiS,Fm-3m,-0.732933,-0.478278,0.0,0.0,2,2,-0.514688,-0.419567,N.A.,N.A.,None,H-4632
LiSnPd2,Fm-3m,-0.63878,-0.809606,0.0,0.0,4,3,-0.645249,-0.807598,N.A.,N.A.,None,H-423
LiTbSe2,R-3m,-1.698318,-1.943892,1.55,2.27,4,3,-1.698318,-1.943892,Indirect,Indirect,None,H-644
LiTl,Pm-3m,-0.2304,-0.281936,0.0,0.0,2,2,-0.2304,-0.281936,N.A.,N.A.,-0.2775,H-1132
LiZnAs,F-43m,-0.526476,-0.647252,0.53,1.4,3,3,-0.526476,-0.647252,Direct,Direct,None,H-7932
Li,P2/m,0.043147,0.0,0.0,0.0,12,1,0.043147,0.0,N.A.,N.A.,0.0,H-349
LuAg2,I4/mmm,-0.34799,-0.336162,0.0,0.0,3,2,-0.34799,-0.336162,N.A.,N.A.,-0.2653,H-13086
LuAs,Fm-3m,-1.466639,-1.706139,0.0,0.03,2,2,-1.466639,-1.706139,N.A.,Indirect,None,H-7067
LuC2,I4/mmm,-0.194488,-0.228591,0.0,0.0,3,2,-0.194488,-0.228591,N.A.,N.A.,-0.2767,H-10580
LuCd,Pm-3m,-0.305028,-0.403711,0.0,0.0,2,2,-0.305028,-0.403711,N.A.,N.A.,None,H-1160
LuH2,Fm-3m,-0.763149,-0.747164,0.0,0.1,3,2,-0.697842,-0.779467,N.A.,Indirect,None,H-8237
LuHg,Pm-3m,-0.475791,-0.601789,0.0,0.0,2,2,-0.473133,-0.63266,N.A.,N.A.,None,H-2078
LuIr,Pm-3m,-0.970759,-1.13473,0.0,0.0,2,2,-0.970759,-1.13473,N.A.,N.A.,-0.8861,H-6232
LuMg,Pm-3m,-0.042183,-0.060319,0.0,0.0,2,2,-0.042183,-0.060319,N.A.,N.A.,None,H-12265
LuN,Fm-3m,-2.003649,-1.984868,0.26,1.12,2,2,-1.881339,-2.057217,Indirect,Indirect,None,H-4487
LuNiBi,F-43m,-0.650539,-0.812025,0.0,0.22,3,3,-0.650539,-0.812025,N.A.,Indirect,None,H-11302
LuRh,Pm-3m,-0.993759,-1.220753,0.0,0.0,2,2,-0.993759,-1.220753,N.A.,N.A.,None,H-6196
LuSbPt,F-43m,-1.200087,-1.437292,0.0,0.27,3,3,-1.200087,-1.437292,N.A.,Direct,None,H-11094
LuSb,Fm-3m,-1.016316,-1.268844,0.11,0.0,2,2,-1.016316,-1.268844,Indirect,N.A.,None,H-6120
LuSe,Fm-3m,-1.575343,-1.778042,0.0,0.0,2,2,-1.575343,-1.778042,N.A.,N.A.,None,H-6476
LuSi2,P6/mmm,-0.426328,-0.425411,0.0,0.0,3,2,-0.426328,-0.425411,N.A.,N.A.,None,H-513
LuZn,Pm-3m,-0.356785,-0.370836,0.0,0.0,2,2,-0.356785,-0.370836,N.A.,N.A.,None,H-11424
Lu,P63/mmc,0.0,0.0,0.0,0.0,2,1,0.0,0.0,N.A.,N.A.,0.0,H-227
Lu,R-3m,0.012316,0.031524,0.0,0.0,3,1,0.012316,0.031524,N.A.,N.A.,0.0,H-64
Mg2Ge,Fm-3m,-0.27731,-0.323172,0.16,0.61,3,2,-0.27731,-0.323172,Indirect,Indirect,-0.3599,H-5977
Mg2Pb,Fm-3m,-0.062742,-0.148899,0.0,0.15,3,2,-0.062742,-0.148899,N.A.,Indirect,-0.1717,H-12335
Mg2Rh,I4/mmm,-0.409329,-0.549402,0.0,0.0,3,2,-0.409329,-0.549402,N.A.,N.A.,None,H-5520
Mg2Sn,Fm-3m,-0.183282,-0.247721,0.1,0.17,3,2,-0.191907,-0.245044,Indirect,Indirect,None,H-12325
MgAg,Pm-3m,-0.252928,-0.235141,0.0,0.0,2,2,-0.252928,-0.235141,N.A.,N.A.,-0.0455,H-8346
MgB2,P6/mmm,-0.135894,-0.126077,0.0,0.0,3,2,-0.135894,-0.126077,N.A.,N.A.,-0.3723,H-13045
MgBr2,P-1,-1.848228,-1.741652,4.4,5.58,3,2,-1.507996,-1.671112,Direct,Direct,-1.8172,H-1340
MgCl2,P-4m2,-2.179153,-1.961442,4.98,6.35,3,2,-1.778803,-1.889263,Indirect,Indirect,-2.2259,H-11099
MgCl2,P-3m1,-2.260047,-2.049304,5.63,7.01,3,2,-1.859697,-1.977125,Indirect,Indirect,-2.2259,H-1882
MgCl2,R-3m,-2.260198,-2.048476,5.63,7.02,3,2,-1.859848,-1.976297,Indirect,Indirect,-2.2259,H-8337
MgCuSn,F-43m,0.086658,0.047973,0.0,0.0,3,3,0.078033,0.05065,N.A.,N.A.,None,H-11002
MgHg,Pm-3m,-0.230095,-0.21912,0.0,0.0,2,2,-0.227436,-0.249992,N.A.,N.A.,None,H-6824
MgI2,C2/m,-1.256902,-1.194178,3.61,4.56,3,2,-1.06275,-1.187176,Indirect,Indirect,-1.2783,H-10353
MgIn,P4/mmm,-0.09788,-0.120538,0.0,0.0,2,2,-0.09788,-0.120538,N.A.,N.A.,None,H-1519
MgO,Fm-3m,-3.014018,-3.15013,4.49,6.19,2,2,-2.726996,-3.079778,Direct,Direct,-3.1176,H-7534
MgPd,Pm-3m,-0.726882,-0.871728,0.0,0.01,2,2,-0.726882,-0.871728,N.A.,Indirect,None,H-13065
MgRh,Pm-3m,-0.444617,-0.626434,0.0,0.13,2,2,-0.444617,-0.626434,N.A.,Indirect,None,H-4867
MgS,Fm-3m,-1.64948,-1.641532,2.75,3.72,2,2,-1.431236,-1.582822,Indirect,Indirect,-1.8034,H-10426
MgS,F-43m,-1.634318,-1.620131,3.38,4.43,2,2,-1.416074,-1.56142,Direct,Direct,-1.8034,H-3396
MgSbPt,F-43m,-0.709639,-0.839962,0.0,0.0,3,3,-0.709639,-0.839962,N.A.,N.A.,None,H-11684
MgSe,Fm-3m,-1.240553,-1.414431,1.81,2.59,2,2,-1.240553,-1.414431,Indirect,Indirect,-1.4137,H-2706
MgSe,F-43m,-1.255057,-1.426523,2.54,3.5,2,2,-1.255057,-1.426523,Direct,Direct,-1.4137,H-6488
MgSnAu,F-43m,-0.441042,-0.453461,0.0,0.0,3,3,-0.449667,-0.450784,N.A.,N.A.,None,H-7475
MgTe,Fm-3m,-0.812548,-0.973798,0.42,1.03,2,2,-0.812548,-0.973798,Indirect,Indirect,-1.0841,H-1844
MgTl,Pm-3m,-0.037387,-0.146942,0.0,0.0,2,2,-0.037387,-0.146942,N.A.,N.A.,-0.2472,H-11902
Mg,Im-3m,0.028878,0.027435,0.0,0.0,1,1,0.028878,0.027435,N.A.,N.A.,0.0,H-148
Mg,Cmcm,0.0,0.0,0.0,0.0,2,1,0.0,0.0,N.A.,N.A.,0.0,H-168
Mg,R-3m,0.013446,0.017199,0.0,0.0,1,1,0.013446,0.017199,N.A.,N.A.,0.0,H-207
Mn2Au,I4/mmm,0.184597,-1.422518,0.0,0.0,3,2,0.184597,-1.422518,N.A.,N.A.,None,H-1755
MnAu2,I4/mmm,-0.113998,-1.060059,0.0,0.0,3,2,-0.113998,-1.060059,N.A.,N.A.,None,H-9829
MnAu,Pm-3m,-0.010602,-1.447853,0.0,0.0,2,2,-0.010602,-1.447853,N.A.,N.A.,-0.2622,H-8185
MnB2,P6/mmm,-0.291311,-0.752099,0.0,0.0,3,2,-0.291311,-0.752099,N.A.,N.A.,-0.272,H-1744
MnCl2,R-3m,-1.480087,-2.387615,1.77,4.68,3,2,-1.079738,-2.315436,Indirect,Indirect,-1.6652,H-9214
MnCuSb,F-43m,0.104682,-0.955761,0.0,0.0,3,3,0.104682,-0.955761,N.A.,N.A.,None,H-6460
MnGaIr,F-43m,0.081297,-0.698916,0.0,0.0,3,3,0.081297,-0.698916,N.A.,N.A.,None,H-5967
MnGePd2,Fm-3m,-0.310415,-1.167459,0.0,0.0,4,3,-0.310415,-1.167459,N.A.,N.A.,None,H-449
MnHg,P4/mmm,0.340031,-1.092841,0.0,0.0,2,2,0.342689,-1.123712,N.A.,N.A.,None,H-10367
MnN,I4/mmm,-0.335612,-1.217591,0.0,0.0,2,2,-0.213302,-1.28994,N.A.,N.A.,None,H-10292
MnNiSb,F-43m,-0.203653,-1.198222,0.0,0.0,3,3,-0.203653,-1.198222,N.A.,N.A.,None,H-11484
MnNiSb,F-43m,0.114867,-0.629752,0.0,0.0,3,3,0.114867,-0.629752,N.A.,N.A.,None,H-2878
MnO,Fm-3m,-1.996267,-2.920715,0.1,1.91,2,2,-1.709245,-2.850362,Indirect,Indirect,-1.9963,H-975
MnPd,Pm-3m,-0.176212,-1.752616,0.0,0.0,2,2,-0.176212,-1.752616,N.A.,N.A.,None,H-10029
MnPt,P4/mmm,-0.337019,-1.859874,0.0,0.0,2,2,-0.337019,-1.859874,N.A.,N.A.,None,H-11138
MnPt,P4/mmm,-0.337066,-1.859834,0.0,0.0,2,2,-0.337066,-1.859834,N.A.,N.A.,None,H-6846
MnRh,Pm-3m,-0.167625,-1.583305,0.0,0.0,2,2,-0.167625,-1.583305,N.A.,N.A.,None,H-9500
MnS,Fm-3m,-0.694287,-2.235703,0.0,0.37,2,2,-0.476042,-2.176992,N.A.,Indirect,-1.11,H-11916
MnS,F-43m,-0.694376,-2.324002,0.0,1.85,2,2,-0.476132,-2.265291,N.A.,Indirect,-1.11,H-12176
MnSbRh,F-43m,-0.25487,-1.338697,0.0,0.0,3,3,-0.25487,-1.338697,N.A.,N.A.,None,H-3547
MnSe,F-43m,-0.34645,-2.129604,0.03,1.6,2,2,-0.34645,-2.129604,Indirect,Direct,-0.889,H-10811
MnSe,Fm-3m,-0.334004,-2.085847,0.0,0.69,2,2,-0.334004,-2.085847,N.A.,Indirect,-0.889,H-2358
MnSiNi,R3m,-0.235598,-0.938718,0.0,0.0,3,3,-0.235598,-0.938718,N.A.,N.A.,None,H-9200
MnSnAu,F-43m,-0.038224,-1.035566,0.0,0.0,3,3,-0.046849,-1.032889,N.A.,N.A.,None,H-7365
MnSnIr,F-43m,0.313344,-0.618008,0.0,0.0,3,3,0.304719,-0.61533,N.A.,N.A.,None,H-7648
MnSnPt,F-43m,-0.068325,-0.896686,0.0,0.0,3,3,-0.07695,-0.894009,N.A.,N.A.,None,H-8655
MnTePd,F-43m,0.012337,-1.191316,0.0,0.01,3,3,0.012337,-1.191316,N.A.,Direct,None,H-7868
MnTe,F-43m,-0.045734,-1.807474,0.0,1.58,2,2,-0.045734,-1.807474,N.A.,Indirect,-0.5616,H-11608
MnTe,Fm-3m,-0.026352,-1.714267,0.0,0.24,2,2,-0.026352,-1.714267,N.A.,Indirect,-0.5616,H-1661
MnV,Pm-3m,-0.289809,-1.07874,0.0,0.0,2,2,-0.289809,-1.07874,N.A.,N.A.,None,H-4612
Mn,Fm-3m,0.083032,0.0,0.0,0.0,1,1,0.083032,0.0,N.A.,N.A.,0.0,H-66
Mo2C,Amm2,0.517067,0.625526,0.0,0.0,3,2,0.517067,0.625526,N.A.,N.A.,-0.1836,H-7941
MoC,P-6m2,-0.124644,-0.160293,0.0,0.0,2,2,-0.124644,-0.160293,N.A.,N.A.,-0.052,H-3293
MoC,Fm-3m,0.169005,0.222289,0.0,0.06,2,2,0.169005,0.222289,N.A.,Indirect,-0.052,H-9880
MoN,F-43m,-0.20923,-0.004081,0.0,0.0,2,2,-0.08692,-0.07643,N.A.,N.A.,None,H-13057
MoN,Fm-3m,-0.15495,0.122235,0.0,0.0,2,2,-0.03264,0.049887,N.A.,N.A.,None,H-1367
MoP,P-6m2,-0.833167,-0.842605,0.0,0.0,2,2,-0.660671,-0.74411,N.A.,N.A.,None,H-4640
MoPt2,Immm,-0.375623,-0.380837,0.0,0.0,3,2,-0.375623,-0.380837,N.A.,N.A.,None,H-8898
MoS2,R-3m,-0.895235,-0.686016,0.0,0.0,3,2,-0.604243,-0.607734,N.A.,N.A.,-0.954,H-7488
Mo,Fm-3m,0.421653,0.588328,0.0,0.0,1,1,0.421653,0.588328,N.A.,N.A.,0.0,H-127
Mo,Im-3m,0.0,0.0,0.0,0.0,1,1,0.0,0.0,N.A.,N.A.,0.0,H-280
N,P213,3.556457,4.161197,0.0,0.0,4,1,3.556457,4.161197,N.A.,N.A.,None,H-158
N,P63/mmc,0.004178,0.00367,6.99,9.3,4,1,0.004178,0.00367,Indirect,Indirect,None,H-244
N,P42/mnm,0.0,0.0,6.97,9.24,4,1,0.0,0.0,Indirect,Indirect,None,H-63
Na2O,Fm-3m,-1.502227,-1.466598,1.88,3.26,3,2,-1.21718,-1.3786,Indirect,Indirect,-1.444,H-1397
Na2Se,Fm-3m,-1.165327,-1.226265,2.01,2.91,3,2,-1.071628,-1.185169,Direct,Direct,-1.1853,H-6508
NaBi,P4/mmm,-0.384208,-0.365957,0.0,0.0,2,2,-0.313933,-0.335134,N.A.,N.A.,-0.3291,H-1351
NaBr,Fm-3m,-1.908701,-1.808331,4.07,5.27,2,2,-1.583252,-1.724604,Direct,Direct,-1.8716,H-2874
NaCl,Pm-3m,-2.024932,-1.835088,3.98,5.28,2,2,-1.654395,-1.750132,Indirect,Indirect,-2.1305,H-12821
NaCl,Fm-3m,-2.179493,-1.995487,5.0,6.36,2,2,-1.808956,-1.910531,Direct,Direct,-2.1305,H-3555
NaF,Fm-3m,-2.987752,-2.980086,6.09,8.24,2,2,-2.71727,-2.84676,Direct,Direct,-2.9817,H-7504
NaH,Pm-3m,-0.17146,-0.08873,1.03,1.87,2,2,-0.052205,-0.082135,Indirect,Indirect,-0.2922,H-11810
NaH,Fm-3m,-0.328917,-0.247125,3.91,4.84,2,2,-0.209662,-0.24053,Indirect,Indirect,-0.2922,H-12788
Na,R-3m,0.000336,0.000994,0.0,0.0,3,1,0.000336,0.000994,N.A.,N.A.,0.0,H-202
Na,Cmcm,0.0,0.0,0.0,0.0,2,1,0.0,0.0,N.A.,N.A.,0.0,H-223
NbAu2,P6/mmm,-0.149281,-0.128004,0.0,0.0,3,2,-0.149281,-0.128004,N.A.,N.A.,-0.1385,H-2563
NbC,Fm-3m,-0.553209,-0.673288,0.0,0.0,2,2,-0.553209,-0.673288,N.A.,N.A.,-0.7198,H-3239
NbIr,P4/mmm,-0.549242,-0.673648,0.0,0.0,2,2,-0.549242,-0.673648,N.A.,N.A.,None,H-5499
NbN,P-6m2,-1.29017,-1.285924,0.02,0.03,2,2,-1.167859,-1.358273,Indirect,Direct,-1.2183,H-10638
NbN,Fm-3m,-1.11445,-1.022812,0.0,0.0,2,2,-0.99214,-1.095161,N.A.,N.A.,-1.2183,H-7100
NbO,Fm-3m,-1.53903,-1.583111,0.0,0.0,2,2,-1.252008,-1.512759,N.A.,N.A.,-2.1747,H-7219
NbRh,P4/mmm,-0.424599,-0.555367,0.0,0.0,2,2,-0.424599,-0.555367,N.A.,N.A.,None,H-13033
NbRu,P4/mmm,-0.194225,-0.327571,0.0,0.0,2,2,-0.194225,-0.327571,N.A.,N.A.,None,H-4886
NbS2,R-3m,-1.308822,-1.198304,0.0,0.0,3,2,-1.01783,-1.120023,N.A.,N.A.,None,H-1869
NbSbRh,F-43m,-0.341481,-0.574016,0.0,0.0,3,3,-0.341481,-0.574016,N.A.,N.A.,None,H-2694
NbSbRu,F-43m,-0.408676,-0.688882,0.36,1.2,3,3,-0.408676,-0.688882,Indirect,Indirect,None,H-5683
Nb,Fm-3m,0.323087,0.338526,0.0,0.0,1,1,0.323087,0.338526,N.A.,N.A.,0.0,H-260
Nb,Im-3m,0.0,0.0,0.0,0.0,1,1,0.0,0.0,N.A.,N.A.,0.0,H-338
NdAg,Pm-3m,-0.266968,-0.271208,0.0,0.0,2,2,-0.266968,-0.271208,N.A.,N.A.,-0.2052,H-6746
NdAl,Pm-3m,-0.352086,-0.471098,0.0,0.0,2,2,-0.352086,-0.471098,N.A.,N.A.,None,H-2501
NdAs,Fm-3m,-1.512577,-1.773817,0.0,0.0,2,2,-1.512577,-1.773817,N.A.,Direct,None,H-7562
NdAu,Pm-3m,-0.773136,-0.791116,0.0,0.0,2,2,-0.773136,-0.791116,N.A.,N.A.,-0.7276,H-12970
NdBiPd,F-43m,-0.947292,-1.205572,0.07,0.36,3,3,-0.947292,-1.205572,Direct,Indirect,None,H-11645
NdC2,I4/mmm,-0.129403,-0.192514,0.0,0.0,3,2,-0.129403,-0.192514,N.A.,N.A.,-0.3026,H-5591
NdCd,Pm-3m,-0.32834,-0.37,0.0,0.0,2,2,-0.32834,-0.37,N.A.,N.A.,None,H-7731
NdGa3,Pm-3m,-0.510441,-0.273299,0.0,0.0,4,2,-0.510441,-0.273299,N.A.,N.A.,None,H-897
NdH2,Fm-3m,-0.713626,-0.7285,0.15,0.09,3,2,-0.648319,-0.760803,Indirect,Indirect,-0.6982,H-1497
NdHg2,C2/m,-0.444493,-0.50479,0.0,0.0,3,2,-0.440948,-0.545952,N.A.,N.A.,None,H-12879
NdMg,Pm-3m,-0.113427,-0.155689,0.04,0.0,2,2,-0.113427,-0.155689,Indirect,N.A.,None,H-8090
NdN,Fm-3m,-1.484967,-1.459652,0.24,0.54,2,2,-1.362657,-1.532001,Indirect,Indirect,None,H-1888
NdP,Fm-3m,-1.713192,-1.864412,0.0,0.14,2,2,-1.540696,-1.765917,N.A.,Indirect,None,H-8125
NdSb,P4/mmm,-0.936678,-1.139188,0.0,0.0,2,2,-0.936678,-1.139188,N.A.,N.A.,None,H-2536
NdSb,Fm-3m,-1.19339,-1.467797,0.0,0.0,2,2,-1.19339,-1.467797,N.A.,N.A.,None,H-2754
NdTe,Fm-3m,-1.421615,-1.673119,0.0,0.0,2,2,-1.421615,-1.673119,N.A.,N.A.,-1.5611,H-4726
NdTl,Pm-3m,-0.393936,-0.511037,0.0,0.0,2,2,-0.393936,-0.511037,N.A.,N.A.,None,H-11185
NdZn,Pm-3m,-0.318128,-0.354064,0.0,0.0,2,2,-0.318128,-0.354064,N.A.,N.A.,None,H-5945
Nd,Im-3m,0.133532,0.111467,0.0,0.0,1,1,0.133532,0.111467,N.A.,N.A.,0.0,H-129
Nd,Fm-3m,0.008652,0.0,0.0,0.02,1,1,0.008652,0.0,N.A.,Indirect,0.0,H-43
Ne,Fm-3m,0.0,0.0,11.58,14.33,1,1,0.0,0.0,Direct,Direct,None,H-290
NiBr2,R-3m,-0.739196,-1.057036,0.74,3.33,3,2,-0.398964,-0.986496,Indirect,Indirect,-0.7321,H-6060
NiC,Fm-3m,1.090843,1.152811,0.0,0.0,2,2,1.090843,1.152811,N.A.,N.A.,None,H-3207
NiH,Fm-3m,-0.107566,0.001626,0.0,0.17,2,2,-0.058586,-0.022601,N.A.,Indirect,None,H-12545
NiN,F-43m,0.318487,0.913108,0.0,0.0,2,2,0.440797,0.840759,N.A.,N.A.,None,H-11759
NiO,R-3m,-1.242158,-1.289947,2.65,4.55,2,2,-0.955135,-1.219595,Indirect,Indirect,-1.2422,H-2611
NiTe2,P-1,-0.223682,-0.270571,0.0,0.0,3,2,-0.223682,-0.270571,N.A.,N.A.,None,H-8588
Ni,P63/mmc,0.026925,0.0,0.0,0.0,2,1,0.026925,0.0,N.A.,N.A.,0.0,H-160
Ni,Fm-3m,0.0,0.036774,0.0,0.0,1,1,0.0,0.036774,N.A.,N.A.,0.0,H-307
Ni,Im-3m,0.093469,0.167137,0.0,0.0,1,1,0.093469,0.167137,N.A.,N.A.,0.0,H-359
NpAs,Fm-3m,-0.730667,None,0.0,0.0,2,2,-0.730667,None,N.A.,N.A.,None,H-5863
NpB2,P6/mmm,-0.454048,None,0.0,0.0,3,2,-0.454048,None,N.A.,N.A.,None,H-1414
NpBi,Fm-3m,0.053537,None,0.0,0.0,2,2,0.053537,None,N.A.,N.A.,None,H-10482
NpC,Fm-3m,0.087208,None,0.0,0.03,2,2,0.087208,None,N.A.,Indirect,None,H-9228
NpN,Fm-3m,-1.303182,None,0.0,0.0,2,2,-1.180872,None,N.A.,N.A.,None,H-10238
NpO2,Fm-3m,-3.008854,None,2.7,5.23,3,2,-2.626158,None,Indirect,Indirect,-3.7096,H-7608
NpP,Fm-3m,-1.089771,None,0.0,0.0,2,2,-0.917274,None,N.A.,N.A.,None,H-11901
NpSb,P4/mmm,-0.219104,None,0.0,0.0,2,2,-0.219104,None,N.A.,N.A.,None,H-7563
NpSe,Fm-3m,-1.08309,None,0.0,0.0,2,2,-1.08309,None,N.A.,N.A.,None,H-12691
NpTe,Fm-3m,-0.587999,None,0.0,0.0,2,2,-0.587999,None,N.A.,N.A.,None,H-11355
O,C2/m,0.0,0.0,1.39,2.33,8,1,0.0,0.0,Indirect,Indirect,None,H-248
O,C2/m,0.108141,0.183527,0.0,0.0,2,1,0.108141,0.183527,N.A.,N.A.,None,H-254
O,Cmcm,0.12378,0.203351,0.0,0.0,4,1,0.12378,0.203351,N.A.,N.A.,None,H-27
OsN2,P6/mmm,0.150802,0.488275,0.0,0.0,3,2,0.313883,0.39181,N.A.,N.A.,None,H-6032
OsN,F-43m,0.566845,0.772615,0.0,0.0,2,2,0.689156,0.700266,N.A.,N.A.,None,H-3845
Os,Fm-3m,0.138186,0.200068,0.0,0.0,1,1,0.138186,0.200068,N.A.,N.A.,0.0,H-16
Os,P63/mmc,0.0,0.0,0.0,0.0,2,1,0.0,0.0,N.A.,N.A.,0.0,H-274
PIr2,Fm-3m,-0.50832,-0.673488,0.0,0.16,3,2,-0.393322,-0.607825,N.A.,Indirect,None,H-6289
PRh2,Fm-3m,-0.869403,-1.089475,0.09,0.0,3,2,-0.754406,-1.023811,Indirect,N.A.,None,H-11854
P,Cmcm,0.140928,0.184202,0.0,0.0,4,1,0.140928,0.184202,N.A.,N.A.,-0.181,H-152
P,Cmca,0.035079,0.0,0.1,0.67,4,1,0.035079,0.0,Direct,Direct,-0.181,H-208
P,C2/m,0.140215,0.126739,3.33,4.21,8,1,0.140215,0.126739,Indirect,Indirect,-0.181,H-82
PaAs,Fm-3m,-1.060729,-1.249718,0.04,0.0,2,2,-1.060729,-1.249718,Indirect,N.A.,None,H-12505
PaO,Fm-3m,-1.510116,-1.725576,0.0,0.0,2,2,-1.223093,-1.655224,N.A.,N.A.,None,H-7708
Pa,I4/mmm,0.004072,0.001527,0.0,0.0,4,1,0.004072,0.001527,N.A.,N.A.,0.0,H-211
Pa,Im-3m,0.17707,0.127145,0.0,0.0,1,1,0.17707,0.127145,N.A.,N.A.,0.0,H-314
Pa,Fm-3m,0.0,0.0,0.0,0.0,1,1,0.0,0.0,N.A.,N.A.,0.0,H-87
PbO2,Fm-3m,-1.09776,-0.999062,0.0,0.93,3,2,-0.715063,-0.905259,N.A.,Indirect,-0.9482,H-2817
PbS,Pm-3m,-0.499234,-0.347766,0.11,0.1,2,2,-0.28099,-0.289055,Indirect,Indirect,-0.5154,H-1305
PbSe,Pm-3m,-0.327225,-0.355385,0.0,0.04,2,2,-0.327225,-0.355385,N.A.,Indirect,-0.5182,H-13069
Pb,Im-3m,0.042675,0.045902,0.0,0.0,1,1,0.042675,0.045902,N.A.,N.A.,0.0,H-178
Pb,Fm-3m,0.0,0.0,0.0,0.0,1,1,0.0,0.0,N.A.,N.A.,0.0,H-47
PdAu3,Pm-3m,-0.074912,-0.109586,0.04,0.0,4,2,-0.074912,-0.109586,Indirect,N.A.,-0.0819,H-858
PdN,F-43m,0.902868,1.41426,0.0,0.0,2,2,1.025178,1.341911,N.A.,N.A.,None,H-2203
PdN,Fm-3m,0.988168,1.299801,0.0,0.0,2,2,1.110478,1.227452,N.A.,N.A.,None,H-6895
PdO,Fm-3m,-0.289827,-0.129104,0.0,0.0,2,2,-0.002805,-0.058752,N.A.,N.A.,-0.5984,H-12650
PdO,P4/mmm,0.083189,0.441463,0.0,0.0,2,2,0.370211,0.511815,N.A.,N.A.,-0.5984,H-4449
PdO,Fm-3m,-0.289744,-0.130413,0.0,0.0,2,2,-0.002722,-0.060061,N.A.,N.A.,-0.5984,H-5008
Pd,Im-3m,0.043803,0.019012,0.0,0.0,1,1,0.043803,0.019012,N.A.,N.A.,0.0,H-252
Pd,Fm-3m,0.0,0.0,0.0,0.0,1,1,0.0,0.0,N.A.,N.A.,0.0,H-54
PmMg,Pm-3m,None,None,0.0,0.0,2,2,None,None,N.A.,N.A.,None,H-3916
PmN,Fm-3m,None,None,0.26,0.59,2,2,None,None,Indirect,Indirect,None,H-10223
PrAg,Pm-3m,-0.255175,-0.246163,0.0,0.0,2,2,-0.255175,-0.246163,N.A.,N.A.,-0.2529,H-8167
PrAl,Pm-3m,-0.337202,-0.448101,0.0,0.0,2,2,-0.337202,-0.448101,N.A.,N.A.,None,H-11979
PrAs,Fm-3m,-1.500566,-1.747416,0.0,0.07,2,2,-1.500566,-1.747416,N.A.,Indirect,None,H-4090
PrAu,Pm-3m,-0.753856,-0.757606,0.0,0.0,2,2,-0.753856,-0.757606,N.A.,N.A.,-0.7483,H-5653
PrBi,Fm-3m,-0.98119,-1.203551,0.0,0.0,2,2,-0.98119,-1.203551,N.A.,N.A.,None,H-5840
PrC2,I4/mmm,-0.110416,-0.163863,0.0,0.0,3,2,-0.110416,-0.163863,N.A.,N.A.,-0.3047,H-10661
PrCd,Pm-3m,-0.328428,-0.359053,0.0,0.0,2,2,-0.328428,-0.359053,N.A.,N.A.,None,H-1403
PrGa2,Cmmm,-0.691511,-0.491428,0.0,0.0,3,2,-0.691511,-0.491428,N.A.,N.A.,None,H-8631
PrH2,Fm-3m,-0.697667,-0.703651,0.14,0.25,3,2,-0.63236,-0.735954,Indirect,Indirect,-0.6909,H-12114
PrHg,Pm-3m,-0.484837,-0.526648,0.0,0.0,2,2,-0.482178,-0.55752,N.A.,N.A.,None,H-7133
PrMg,Pm-3m,-0.117928,-0.150799,0.0,0.0,2,2,-0.117928,-0.150799,N.A.,Indirect,None,H-11738
PrN,F-43m,-1.292966,-1.254598,1.58,2.55,2,2,-1.170656,-1.326947,Indirect,Indirect,None,H-10019
PrN,Fm-3m,-1.4133,-1.373154,0.12,0.5,2,2,-1.29099,-1.445503,Indirect,Indirect,None,H-3770
PrNiC2,Amm2,-0.239084,-0.296833,0.0,0.0,4,3,-0.239084,-0.296833,N.A.,N.A.,None,H-375
PrO2,Fm-3m,-2.952585,-2.877328,0.0,0.0,3,2,-2.569889,-2.783525,N.A.,N.A.,-3.2798,H-7280
PrS,Fm-3m,-2.237871,-2.308902,0.0,0.0,2,2,-2.019627,-2.250191,N.A.,N.A.,-2.3417,H-7131
PrSb,P4/mmm,-0.947353,-1.140966,0.0,0.0,2,2,-0.947353,-1.140966,N.A.,N.A.,None,H-7653
PrSe,Fm-3m,-1.84196,-2.093377,0.0,0.0,2,2,-1.84196,-2.093377,N.A.,N.A.,None,H-4944
PrTe,Fm-3m,-1.438801,-1.679892,0.0,0.0,2,2,-1.438801,-1.679892,N.A.,N.A.,None,H-4289
PrTe,Pm-3m,-1.34506,-1.582874,0.0,0.0,2,2,-1.34506,-1.582874,N.A.,N.A.,None,H-7536
PrTl,Pm-3m,-0.397494,-0.502809,0.0,0.0,2,2,-0.397494,-0.502809,N.A.,N.A.,None,H-10854
PrZn,Pm-3m,-0.311373,-0.339232,0.0,0.0,2,2,-0.311373,-0.339232,N.A.,N.A.,None,H-840
Pr,Fm-3m,0.007628,0.013943,0.0,0.0,1,1,0.007628,0.013943,N.A.,N.A.,0.0,H-300
Pr,P63/mmc,0.0,0.0,0.0,0.0,4,1,0.0,0.0,N.A.,N.A.,0.0,H-77
PtC,Fm-3m,1.455977,1.528012,0.0,0.0,2,2,1.455977,1.528012,N.A.,N.A.,None,H-2026
PtC,Amm2,1.546331,1.667389,0.0,0.0,2,2,1.546331,1.667389,N.A.,N.A.,None,H-6877
PtN,Fm-3m,1.24487,1.522021,0.0,0.0,2,2,1.36718,1.449672,N.A.,N.A.,None,H-3170
PtN,F-43m,0.993823,1.465559,0.0,0.0,2,2,1.116133,1.39321,N.A.,N.A.,None,H-7278
PtO,Fm-3m,0.26256,0.455936,0.0,0.0,2,2,0.549582,0.526288,N.A.,N.A.,None,H-1193
Pt,Fm-3m,0.0,0.0,0.0,0.0,1,1,0.0,0.0,N.A.,N.A.,0.0,H-114
Pu3Al,Pm-3m,-0.286509,-0.421743,0.0,0.0,4,2,-0.286509,-0.421743,N.A.,N.A.,None,H-559
PuAs,Fm-3m,-1.204708,-1.449819,0.0,0.07,2,2,-1.204708,-1.449819,N.A.,Indirect,None,H-12083
PuAs,Pm-3m,-0.993299,-1.307667,0.0,0.0,2,2,-0.993299,-1.307667,N.A.,N.A.,None,H-1827
PuC,Fm-3m,-0.097423,0.051658,0.0,0.0,2,2,-0.097423,0.051658,N.A.,N.A.,None,H-5705
PuP,Fm-3m,-1.514559,-1.60978,0.0,0.0,2,2,-1.342063,-1.511285,N.A.,N.A.,None,H-11300
PuS,Fm-3m,-2.122457,-2.304189,0.0,0.0,2,2,-1.904213,-2.245478,N.A.,Direct,-2.2766,H-5052
PuSb,P4/mmm,-0.746573,-0.990113,0.0,0.0,2,2,-0.746573,-0.990113,N.A.,N.A.,None,H-10437
PuSb,Pm-3m,-0.698458,-0.927874,0.0,0.0,2,2,-0.698458,-0.927874,N.A.,N.A.,None,H-4721
PuSe,Fm-3m,-1.665601,-2.091255,0.0,0.0,2,2,-1.665601,-2.091255,N.A.,N.A.,None,H-3264
PuSi2,Cmmm,-0.56613,-0.618156,0.0,0.0,3,2,-0.56613,-0.618156,N.A.,N.A.,None,H-11765
PuTe,Fm-3m,-1.226087,-1.403947,0.0,0.0,2,2,-1.226087,-1.403947,N.A.,N.A.,None,H-5368
Pu,R-3m,0.0,0.014731,0.0,0.0,1,1,0.0,0.014731,N.A.,N.A.,0.0,H-286
Pu,I4/mmm,5.6e-05,0.0,0.0,0.0,1,1,5.6e-05,0.0,N.A.,N.A.,0.0,H-74
Rb2O,Fm-3m,-1.101554,-1.081344,1.32,2.5,3,2,-0.910205,-1.034442,Indirect,Indirect,-1.1677,H-3137
Rb2Se,Fm-3m,-1.061436,-1.167124,1.81,2.63,3,2,-1.061436,-1.167124,Indirect,Indirect,None,H-7207
Rb2Te,Fm-3m,-1.007271,-1.12341,1.89,2.63,3,2,-1.007271,-1.12341,Indirect,Indirect,None,H-4882
RbAu,Pm-3m,-0.27512,-0.217177,0.65,0.47,2,2,-0.27512,-0.217177,Indirect,Indirect,None,H-3699
RbBr,Fm-3m,-2.023492,-1.962643,4.21,5.36,2,2,-1.768317,-1.909738,Direct,Direct,-2.0458,H-12676
RbCl,Fm-3m,-2.245819,-2.098422,4.84,6.13,2,2,-1.945557,-2.044288,Direct,Direct,-2.2554,H-4480
RbCl,Pm-3m,-2.184544,-2.04181,4.77,6.08,2,2,-1.884281,-1.987676,Indirect,Indirect,-2.2554,H-5318
RbF,Pm-3m,-2.755215,-2.769727,5.9,7.94,2,2,-2.555007,-2.667224,Direct,Direct,-2.9004,H-3059
RbF,Fm-3m,-2.854613,-2.863498,5.52,7.44,2,2,-2.654406,-2.760995,Indirect,Indirect,-2.9004,H-7263
RbO2,I4/mmm,-1.182381,-0.903896,0.0,0.0,3,2,-0.799685,-0.810093,N.A.,N.A.,-0.9642,H-9543
RbTbS2,R-3m,-2.070792,-2.112581,2.31,3.21,4,3,-1.852548,-2.05387,Indirect,Indirect,None,H-418
Rb,P63/mmc,0.0,0.000109,0.0,0.0,4,1,0.0,0.000109,N.A.,N.A.,0.0,H-102
Rb,Im-3m,0.000921,0.0,0.02,0.07,1,1,0.000921,0.0,Indirect,Indirect,0.0,H-50
Re,Fm-3m,0.062454,0.0,0.0,0.0,1,1,0.062454,0.0,N.A.,N.A.,0.0,H-217
RhC,Fm-3m,1.062124,1.021958,0.0,0.0,2,2,1.062124,1.021958,N.A.,N.A.,None,H-11023
Rh,Fm-3m,0.0,0.0,0.0,0.0,1,1,0.0,0.0,N.A.,N.A.,0.0,H-293
RuC,F-43m,0.438676,0.302651,0.61,1.15,2,2,0.438676,0.302651,Indirect,Indirect,None,H-5360
RuN,F-43m,0.117666,0.251008,0.0,0.0,2,2,0.239977,0.178659,N.A.,N.A.,None,H-2533
Ru,Fm-3m,0.113445,0.151065,0.0,0.0,1,1,0.113445,0.151065,N.A.,N.A.,0.0,H-187
Ru,P63/mmc,0.0,0.0,0.0,0.0,2,1,0.0,0.0,N.A.,N.A.,0.0,H-85
S,C2,0.03863,0.0,2.35,3.48,9,1,0.03863,0.0,Indirect,Indirect,0.0,H-124
S,R-3,0.065575,0.020076,2.35,3.48,6,1,0.065575,0.020076,Indirect,Indirect,0.0,H-320
Sb,P21/m,0.038176,0.074339,0.0,0.0,4,1,0.038176,0.074339,N.A.,N.A.,0.0,H-179
Sb,R-3m,0.0,0.0,0.0,0.0,2,1,0.0,0.0,N.A.,N.A.,0.0,H-299
Sb,Pm-3m,0.042665,0.071302,0.0,0.0,1,1,0.042665,0.071302,N.A.,N.A.,0.0,H-330
Sb,Fm-3m,0.313461,0.426296,0.0,0.0,1,1,0.313461,0.426296,N.A.,N.A.,0.0,H-94
ScAg2,I4/mmm,-0.30819,-0.292286,0.0,0.0,3,2,-0.30819,-0.292286,N.A.,N.A.,-0.2809,H-5638
ScAg,Pm-3m,-0.284286,-0.263341,0.0,0.0,2,2,-0.284286,-0.263341,N.A.,N.A.,-0.2715,H-1238
ScAl,Pm-3m,-0.447278,-0.479862,0.0,0.0,2,2,-0.447278,-0.479862,N.A.,N.A.,-0.4514,H-2534
ScAs,Fm-3m,-1.374993,-1.589702,0.04,0.0,2,2,-1.374993,-1.589702,Indirect,N.A.,None,H-2792
ScAs,Pm-3m,-0.889143,-0.977027,0.0,0.0,2,2,-0.889143,-0.977027,N.A.,N.A.,None,H-4287
ScAu,Pm-3m,-0.812656,-0.82918,0.0,0.0,2,2,-0.812656,-0.82918,N.A.,N.A.,-0.7887,H-6546
ScBi,Fm-3m,-0.681624,-0.841582,0.0,0.0,2,2,-0.681624,-0.841582,N.A.,N.A.,None,H-1390
ScC,Fm-3m,-0.14308,-0.113211,0.0,0.0,2,2,-0.14308,-0.113211,N.A.,N.A.,None,H-11257
ScC,Pm-3m,0.39155,0.493387,0.0,0.0,2,2,0.39155,0.493387,N.A.,N.A.,None,H-1435
ScC,F-43m,0.469728,0.529581,0.0,0.0,2,2,0.469728,0.529581,N.A.,N.A.,None,H-4746
ScCd,Pm-3m,-0.300494,-0.304348,0.0,0.0,2,2,-0.300494,-0.304348,N.A.,N.A.,None,H-11335
ScGe,F-43m,0.250314,0.297798,0.0,0.0,2,2,0.250314,0.297798,N.A.,N.A.,None,H-6552
ScH2,Fm-3m,-0.754212,-0.725764,0.03,0.0,3,2,-0.688906,-0.758067,Indirect,N.A.,None,H-2953
ScHg,Pm-3m,-0.439063,-0.475153,0.0,0.0,2,2,-0.436404,-0.506025,N.A.,N.A.,None,H-5233
ScIr,Pm-3m,-1.027352,-1.232776,0.0,0.0,2,2,-1.027352,-1.232776,N.A.,N.A.,-0.9297,H-11640
ScN,Fm-3m,-2.036729,-2.041929,0.21,0.91,2,2,-1.914419,-2.114278,Indirect,Indirect,-1.6262,H-2898
ScN,Pm-3m,-1.002908,-0.904772,0.0,0.15,2,2,-0.880598,-0.977121,N.A.,Indirect,-1.6262,H-5809
ScNiBi,F-43m,-0.642073,-0.780705,0.18,0.33,3,3,-0.642073,-0.780705,Indirect,Indirect,None,H-996
ScP,Fm-3m,-1.662754,-1.769531,0.0,0.0,2,2,-1.490258,-1.671036,N.A.,N.A.,None,H-12513
ScP,Pm-3m,-1.100753,-1.092889,0.0,0.0,2,2,-0.928257,-0.994394,N.A.,N.A.,None,H-5282
ScPd,Pm-3m,-0.889251,-1.028435,0.0,0.04,2,2,-0.889251,-1.028435,N.A.,Indirect,-0.9255,H-3579
ScPt,Pm-3m,-1.213709,-1.339448,0.0,0.0,2,2,-1.213709,-1.339448,N.A.,N.A.,-1.0862,H-3670
ScRh,Pm-3m,-1.002272,-1.246232,0.0,0.01,2,2,-1.002272,-1.246232,N.A.,Indirect,-0.9794,H-9576
ScS,Fm-3m,-2.084459,-2.052595,0.0,0.0,2,2,-1.866215,-1.993884,N.A.,N.A.,None,H-1983
ScSbPd,F-43m,-1.035079,-1.278458,0.28,0.53,3,3,-1.035079,-1.278458,Indirect,Indirect,None,H-6784
ScSb,Pm-3m,-0.611594,-0.684134,0.0,0.0,2,2,-0.611594,-0.684134,N.A.,N.A.,None,H-1062
ScSb,Fm-3m,-0.94198,-1.154213,0.0,0.0,2,2,-0.94198,-1.154213,N.A.,N.A.,None,H-11389
ScSe,Fm-3m,-1.588543,-1.728232,0.0,0.0,2,2,-1.588543,-1.728232,N.A.,N.A.,None,H-11709
ScSn,F-43m,0.424227,0.444754,0.0,0.0,2,2,0.41129,0.44877,N.A.,N.A.,None,H-10022
Sc,P63/mmc,0.0,0.0,0.0,0.0,2,1,0.0,0.0,N.A.,N.A.,0.0,H-123
Sc,P4/mmm,0.719844,0.825279,0.0,0.0,1,1,0.719844,0.825279,N.A.,N.A.,0.0,H-277
Sc,I4/mmm,0.04633,0.123779,0.0,0.03,1,1,0.04633,0.123779,N.A.,Indirect,0.0,H-337
Sc,Fm-3m,0.045779,0.123576,0.0,0.0,1,1,0.045779,0.123576,N.A.,N.A.,0.0,H-341
SeS,Fm-3m,0.176815,0.57535,0.0,0.0,2,2,0.395059,0.634061,N.A.,N.A.,None,H-13205
Se,Im-3m,0.586593,0.827801,0.0,0.0,1,1,0.586593,0.827801,N.A.,N.A.,0.0,H-13
Se,C2,9e-06,0.000176,1.01,1.85,3,1,9e-06,0.000176,Indirect,Indirect,0.0,H-169
Se,P21,0.130086,0.24467,0.0,0.0,4,1,0.130086,0.24467,N.A.,N.A.,0.0,H-191
Se,C2,0.0,1.4e-05,1.01,1.86,3,1,0.0,1.4e-05,Indirect,Indirect,0.0,H-310
Se,Pm-3m,0.175561,0.369604,0.0,0.0,1,1,0.175561,0.369604,N.A.,N.A.,0.0,H-334
Se,C2,4e-06,0.0,1.01,1.86,3,1,4e-06,0.0,Indirect,Indirect,0.0,H-366
Si2Ru,Fm-3m,-0.233903,-0.299048,0.0,0.0,3,2,-0.233903,-0.299048,N.A.,N.A.,None,H-5623
SiOs,Pm-3m,-0.337563,-0.476086,0.0,0.26,2,2,-0.337563,-0.476086,N.A.,Direct,-0.4146,H-7078
SiP,F-43m,0.061122,0.19341,0.0,0.0,2,2,0.233619,0.291905,N.A.,N.A.,-0.1751,H-6523
SiPt2,I4/mmm,-0.718139,-0.829308,0.0,0.0,3,2,-0.718139,-0.829308,N.A.,N.A.,-0.6478,H-2502
SiRh,Pm-3m,-0.528937,-0.684908,0.0,0.0,2,2,-0.528937,-0.684908,N.A.,N.A.,-0.7815,H-3350
Si,C2/m,0.069175,0.077483,0.38,0.82,8,1,0.069175,0.077483,Indirect,Indirect,0.0,H-198
Si,P63/mmc,0.011077,0.011972,0.45,0.99,4,1,0.011077,0.011972,Indirect,Indirect,0.0,H-210
Si,Fmmm,0.299929,0.397311,0.0,0.0,8,1,0.299929,0.397311,N.A.,N.A.,0.0,H-216
Si,Fm-3m,0.536949,0.689481,0.0,0.0,1,1,0.536949,0.689481,N.A.,N.A.,0.0,H-233
Si,Fd-3m,0.0,0.0,0.63,1.21,2,1,0.0,0.0,Indirect,Indirect,0.0,H-243
Si,P6/mmm,0.307841,0.413786,0.0,0.0,1,1,0.307841,0.413786,N.A.,N.A.,0.0,H-247
Si,Cmcm,0.507756,0.650985,0.0,0.0,2,1,0.507756,0.650985,N.A.,N.A.,0.0,H-25
Si,Cmca,0.299911,0.397204,0.0,0.0,8,1,0.299911,0.397204,N.A.,N.A.,0.0,H-276
Si,Ia-3,0.158201,0.177163,0.02,0.25,8,1,0.158201,0.177163,Indirect,Direct,0.0,H-68
Si,I4/mmm,0.100997,0.113824,0.26,1.03,4,1,0.100997,0.113824,Indirect,Indirect,0.0,H-70
Si,C2/m,0.299925,0.397342,0.0,0.0,8,1,0.299925,0.397342,N.A.,N.A.,0.0,H-72
SmAg,Pm-3m,-0.289647,-0.293638,0.0,0.0,2,2,-0.289647,-0.293638,N.A.,N.A.,-0.3835,H-2943
SmAl,Pm-3m,-0.372167,-0.48222,0.0,0.0,2,2,-0.372167,-0.48222,N.A.,N.A.,-0.5078,H-2696
SmAs,Fm-3m,-1.526472,-1.789624,0.0,0.0,2,2,-1.526472,-1.789624,N.A.,Indirect,None,H-11462
SmAu,Pm-3m,-0.806482,-0.827848,0.0,0.0,2,2,-0.806482,-0.827848,N.A.,N.A.,-0.7908,H-12750
SmBi,Fm-3m,-0.945007,-1.181656,0.0,0.0,2,2,-0.945007,-1.181656,N.A.,N.A.,None,H-2044
SmC2,I4/mmm,-0.1574,-0.219099,0.0,0.0,3,2,-0.1574,-0.219099,N.A.,N.A.,-0.2994,H-12216
SmCd,Pm-3m,-0.325669,-0.366073,0.0,0.0,2,2,-0.325669,-0.366073,N.A.,N.A.,None,H-6926
SmH2,Fm-3m,-0.738778,-0.750875,0.0,0.23,3,2,-0.673471,-0.783178,Indirect,Indirect,None,H-3451
SmIn,Pm-3m,-0.452354,-0.539137,0.0,0.0,2,2,-0.452354,-0.539137,N.A.,N.A.,None,H-7277
SmMg,Pm-3m,-0.102001,-0.139241,0.0,0.0,2,2,-0.102001,-0.139241,N.A.,N.A.,None,H-13162
SmN,Fm-3m,-1.608158,-1.589985,0.29,0.64,2,2,-1.485847,-1.662334,Indirect,Indirect,None,H-9878
SmNiAs,Amm2,-1.042876,-1.213403,0.0,0.0,3,3,-1.042876,-1.213403,N.A.,N.A.,None,H-1632
SmO,Fm-3m,-3.04881,-3.194061,0.0,0.0,2,2,-2.761787,-3.123709,N.A.,N.A.,None,H-13280
SmPPt,P-6m2,-1.459304,-1.614185,0.0,0.0,3,3,-1.344307,-1.548522,N.A.,N.A.,None,H-580
SmP,Fm-3m,-1.745262,-1.896627,0.0,0.11,2,2,-1.572766,-1.798132,N.A.,Indirect,None,H-7766
SmRh,Pm-3m,-0.696936,-0.914985,0.0,0.0,2,2,-0.696936,-0.914985,N.A.,N.A.,None,H-1758
SmS,Fm-3m,-2.238042,-2.31172,0.0,0.0,2,2,-2.019797,-2.253009,N.A.,N.A.,-2.2333,H-7432
SmSb,Fm-3m,-1.179055,-1.45594,0.0,0.0,2,2,-1.179055,-1.45594,N.A.,N.A.,None,H-1680
SmSe,Fm-3m,-1.811048,-2.066727,0.0,0.0,2,2,-1.811048,-2.066727,N.A.,Indirect,None,H-10852
SmSnAu,F-43m,-0.853518,-0.966382,0.1,0.26,3,3,-0.862143,-0.963704,Indirect,Indirect,None,H-5594
SmTe,Fm-3m,-1.37802,-1.624577,0.0,0.0,2,2,-1.37802,-1.624577,N.A.,N.A.,None,H-6279
SmTl,Pm-3m,-0.379039,-0.545493,0.0,0.0,2,2,-0.379039,-0.545493,N.A.,N.A.,None,H-11968
Sm,P63/mmc,0.0,0.0,0.0,0.0,4,1,0.0,0.0,N.A.,N.A.,0.0,H-11
Sm,I4/mmm,0.01056,0.021409,0.0,0.0,1,1,0.01056,0.021409,N.A.,N.A.,0.0,H-232
Sm,C2,0.010163,0.020743,0.0,0.0,3,1,0.010163,0.020743,N.A.,N.A.,0.0,H-95
Sn2Ir,Fm-3m,-0.263436,-0.397848,0.0,0.0,3,2,-0.280686,-0.392494,N.A.,N.A.,-0.1337,H-6073
Sn2Pt,Fm-3m,-0.426446,-0.514932,0.0,0.0,3,2,-0.443697,-0.509577,N.A.,N.A.,None,H-11064
SnAs,Fm-3m,-0.045844,-0.034753,0.0,0.0,2,2,-0.058782,-0.030738,N.A.,N.A.,None,H-5347
SnC,F-43m,0.829681,0.804038,0.62,1.4,2,2,0.816744,0.808054,Direct,Direct,None,H-11309
SnC,Fm-3m,1.316162,1.290219,0.0,0.0,2,2,1.303224,1.294234,N.A.,N.A.,None,H-12602
SnO2,Fm-3m,-1.76362,-1.815377,0.5,1.18,3,2,-1.389548,-1.718896,Indirect,Indirect,-1.9956,H-6115
SnS2,C2/m,-0.650876,-0.510434,1.52,2.37,3,2,-0.368509,-0.429475,Indirect,Indirect,-0.49,H-8506
SnS,Fm-3m,-0.603462,-0.411464,0.15,0.31,2,2,-0.398155,-0.348738,Direct,Direct,-0.5683,H-1380
SnSb,R-3m,0.016012,0.028943,0.0,0.0,2,2,0.003074,0.032959,N.A.,N.A.,None,H-10815
SnSb,F-43m,0.191243,0.235632,0.0,0.01,2,2,0.178306,0.239648,N.A.,Indirect,None,H-4124
SnSb,Pm-3m,0.137114,0.198363,0.0,0.0,2,2,0.124176,0.202379,N.A.,N.A.,None,H-5426
SnSe,Fm-3m,-0.420177,-0.414442,0.38,0.27,2,2,-0.433115,-0.410426,Indirect,Direct,-0.49,H-10180
SnTe,F-43m,-0.024615,0.011583,0.14,0.34,2,2,-0.037553,0.015599,Indirect,Indirect,-0.3144,H-12054
SnTe,Pm-3m,-0.035007,-0.120809,0.0,0.0,2,2,-0.047944,-0.116793,N.A.,N.A.,-0.3144,H-13307
SnTe,Fm-3m,-0.275208,-0.285034,0.39,0.24,2,2,-0.288145,-0.281018,Direct,Direct,-0.3144,H-4373
Sn,I41/amd,0.039469,0.110673,0.0,0.0,2,1,0.039469,0.110673,N.A.,N.A.,0.0,H-269
Sn,P6/mmm,0.040423,0.116754,0.0,0.0,1,1,0.040423,0.116754,N.A.,N.A.,0.0,H-332
Sn,Fd-3m,0.0,0.0,0.0,0.0,2,1,0.0,0.0,N.A.,Direct,0.0,H-8
SrAlSi,Amm2,-0.397307,-0.424561,0.0,0.0,3,3,-0.397307,-0.424561,N.A.,N.A.,None,H-7940
SrC2,I4/mmm,0.021252,-0.009264,1.73,3.01,3,2,0.021252,-0.009264,Indirect,Indirect,-0.2591,H-8187
SrCd,Pm-3m,-0.33874,-0.301236,0.0,0.0,2,2,-0.33874,-0.301236,N.A.,N.A.,None,H-6952
SrF2,Fm-3m,-4.197095,-4.257949,6.74,8.8,3,2,-3.930152,-4.121278,Indirect,Indirect,-4.2049,H-11055
SrGa2,Cmmm,-0.500853,-0.226057,0.0,0.0,3,2,-0.500853,-0.226057,N.A.,N.A.,None,H-643
SrGe2,C2/m,-0.496091,-0.508987,0.0,0.0,3,2,-0.496091,-0.508987,N.A.,N.A.,None,H-9653
SrHg2,Cmmm,-0.496702,-0.494366,0.0,0.0,3,2,-0.493157,-0.535529,N.A.,N.A.,None,H-13055
SrHgO2,R-3m,-1.987074,-2.002507,2.21,3.75,4,3,-1.698722,-1.947591,Indirect,Indirect,None,H-378
SrHg,Pm-3m,-0.542667,-0.511455,0.0,0.0,2,2,-0.540008,-0.542327,N.A.,N.A.,None,H-11019
SrLiP,P-6m2,-1.020827,-1.075557,0.85,1.45,3,3,-0.90583,-1.009893,Indirect,Indirect,None,H-8678
SrMg,Pm-3m,-0.055724,-0.054839,0.0,0.0,2,2,-0.055724,-0.054839,N.A.,N.A.,None,H-5942
SrO,Pm-3m,-2.605178,-2.688598,2.76,4.27,2,2,-2.318156,-2.618245,Indirect,Indirect,-3.0626,H-1115
SrO,Fm-3m,-3.020799,-3.101355,3.28,4.76,2,2,-2.733777,-3.031002,Indirect,Indirect,-3.0626,H-7792
SrS,Pm-3m,-2.064852,-2.078918,1.8,2.74,2,2,-1.846608,-2.020207,Indirect,Indirect,-2.4874,H-3572
SrS,Fm-3m,-2.364237,-2.385536,2.5,3.46,2,2,-2.145993,-2.326826,Indirect,Indirect,-2.4874,H-3756
SrSbPt,Amm2,-0.947873,-1.088254,0.0,0.0,3,3,-0.947873,-1.088254,N.A.,N.A.,None,H-10909
SrSe,Fm-3m,-2.066531,-2.279918,2.23,3.11,2,2,-2.066531,-2.279918,Indirect,Indirect,-1.9991,H-2382
SrSi,P4/mmm,-0.107581,-0.032887,0.0,0.0,2,2,-0.107581,-0.032887,N.A.,N.A.,None,H-3672
SrTe,Pm-3m,-1.504291,-1.708112,0.47,1.1,2,2,-1.504291,-1.708112,Direct,Direct,None,H-1538
SrTl,Pm-3m,-0.429777,-0.461073,0.0,0.0,2,2,-0.429777,-0.461073,N.A.,N.A.,None,H-6062
Sr,Im-3m,0.004245,0.021095,0.0,0.0,1,1,0.004245,0.021095,N.A.,N.A.,0.0,H-107
Sr,P4/mmm,0.384906,0.386408,0.0,0.0,1,1,0.384906,0.386408,N.A.,N.A.,0.0,H-177
Sr,P6/mmm,0.221668,0.223647,0.0,0.0,3,1,0.221668,0.223647,N.A.,N.A.,0.0,H-367
Sr,P63/mmc,0.002521,0.0,0.0,0.0,2,1,0.002521,0.0,N.A.,N.A.,0.0,H-97
Ta2C,P-3m1,-0.609112,-0.74961,0.0,0.0,3,2,-0.609112,-0.74961,N.A.,N.A.,-0.7372,H-6009
Ta2H,C222,-0.195137,-0.220047,0.0,0.0,3,2,-0.162484,-0.236198,N.A.,N.A.,None,H-5665
Ta2H,C222,-0.157833,-0.176714,0.0,0.0,3,2,-0.125179,-0.192865,N.A.,N.A.,None,H-7346
TaB2,P6/mmm,-0.64523,-0.714433,0.0,0.0,3,2,-0.64523,-0.714433,N.A.,N.A.,-0.6376,H-9291
TaC,P-6m2,-0.170679,-0.214839,0.0,0.0,2,2,-0.170679,-0.214839,N.A.,N.A.,-0.7467,H-6635
TaC,Fm-3m,-0.583843,-0.694077,0.0,0.0,2,2,-0.583843,-0.694077,N.A.,N.A.,-0.7467,H-8440
TaN,Fm-3m,-0.961885,-0.850126,0.0,0.0,2,2,-0.839575,-0.922475,N.A.,N.A.,-1.3074,H-1203
TaN,P-6m2,-1.271253,-1.255686,0.0,0.03,2,2,-1.148943,-1.328035,N.A.,Direct,-1.3074,H-3368
TaRu,P4/mmm,-0.304724,-0.452603,0.0,0.0,2,2,-0.304724,-0.452603,N.A.,N.A.,None,H-3087
TaS,Amm2,-0.885555,-0.844232,0.0,0.0,2,2,-0.667311,-0.785521,N.A.,N.A.,None,H-10843
TaSe2,C2/m,-0.792987,-0.908625,0.0,0.0,3,2,-0.792987,-0.908625,N.A.,N.A.,None,H-9084
TaTc,Pm-3m,-0.488464,-0.728408,0.03,0.18,2,2,-0.488464,-0.728408,Indirect,Indirect,None,H-1553
Ta,Im-3m,0.0,0.0,0.0,0.0,1,1,0.0,0.0,N.A.,N.A.,0.0,H-249
Ta,Fm-3m,0.238174,0.339542,0.0,0.0,1,1,0.238174,0.339542,N.A.,N.A.,0.0,H-65
Tb2C,R-3m,-0.262737,-0.3797,0.0,0.0,3,2,-0.262737,-0.3797,N.A.,N.A.,None,H-11151
TbAg,Pm-3m,-0.325872,-0.331199,0.0,0.0,2,2,-0.325872,-0.331199,N.A.,N.A.,-0.3783,H-8333
TbAl,Pm-3m,-0.393925,-0.496352,0.0,0.0,2,2,-0.393925,-0.496352,N.A.,N.A.,None,H-2765
TbAs,Fm-3m,-1.538382,-1.867611,0.0,0.0,2,2,-1.538382,-1.867611,N.A.,N.A.,None,H-13113
TbAu,Pm-3m,-0.859082,-0.88705,0.0,0.0,2,2,-0.859082,-0.88705,N.A.,N.A.,-0.8965,H-5918
TbBi,Fm-3m,-0.899252,-1.137356,0.0,0.0,2,2,-0.899252,-1.137356,N.A.,N.A.,None,H-3256
TbC2,I4/mmm,-0.196476,-0.256556,0.0,0.0,3,2,-0.196476,-0.256556,N.A.,N.A.,-0.255,H-10168
TbH2,Fm-3m,-0.771743,-0.782338,0.0,0.18,3,2,-0.706437,-0.814641,N.A.,Indirect,None,H-6767
TbHg,Pm-3m,-0.491209,-0.565499,0.0,0.0,2,2,-0.488551,-0.59637,N.A.,N.A.,None,H-4225
TbMg,Pm-3m,-0.084655,-0.124508,0.0,0.0,2,2,-0.084655,-0.124508,N.A.,N.A.,None,H-6425
TbN,Fm-3m,-1.786842,-1.780728,0.04,0.79,2,2,-1.664531,-1.853077,Indirect,Indirect,None,H-5366
TbNiSb,F-43m,-0.906673,-1.118497,0.31,0.47,3,3,-0.906673,-1.118497,Indirect,Indirect,None,H-7848
TbPbAu,F-43m,-0.693457,-0.809928,0.0,0.0,3,3,-0.693457,-0.809928,N.A.,Direct,None,H-5538
TbRh,Pm-3m,-0.822761,-1.054655,0.0,0.0,2,2,-0.822761,-1.054655,N.A.,N.A.,-0.7493,H-2375
TbS,Fm-3m,-2.223232,-2.315472,0.0,0.0,2,2,-2.004987,-2.256762,N.A.,N.A.,None,H-12214
TbSbPt,F-43m,-1.213687,-1.469824,0.07,0.68,3,3,-1.213687,-1.469824,Direct,Direct,None,H-9022
TbSb,Fm-3m,-1.149706,-1.430255,0.09,0.0,2,2,-1.149706,-1.430255,Indirect,N.A.,None,H-10835
TbSi2,Cmmm,-0.537743,-0.574538,0.0,0.0,3,2,-0.537743,-0.574538,N.A.,N.A.,-0.6374,H-2041
TbTl,Pm-3m,-0.351209,-0.465954,0.0,0.0,2,2,-0.351209,-0.465954,N.A.,N.A.,None,H-11306
Tb,R-3m,0.0,0.0,0.0,0.0,3,1,0.0,0.0,N.A.,N.A.,0.0,H-186
Tb,Im-3m,0.145496,0.140152,0.0,0.0,1,1,0.145496,0.140152,N.A.,N.A.,0.0,H-60
TcB,P-6m2,-0.29025,-0.370384,0.0,0.0,2,2,-0.29025,-0.370384,N.A.,N.A.,None,H-2047
TcN,F-43m,-0.06444,0.125581,0.01,0.27,2,2,0.057871,0.053232,Indirect,Indirect,None,H-12767
Tc,P63/mmc,0.0,0.0,0.0,0.0,2,1,0.0,0.0,N.A.,N.A.,0.0,H-157
Tc,Fm-3m,0.069829,0.070751,0.0,0.0,1,1,0.069829,0.070751,N.A.,N.A.,0.0,H-51
Te2Au,C2/m,-0.075798,-0.032879,0.0,0.0,3,2,-0.075798,-0.032879,N.A.,N.A.,-0.0643,H-12076
Te2Au,C2/m,-0.074826,-0.040566,0.0,0.0,3,2,-0.074826,-0.040566,N.A.,N.A.,-0.0643,H-2671
Te2Pd,C2/m,-0.331956,-0.413935,0.0,0.0,3,2,-0.331956,-0.413935,N.A.,N.A.,-0.1879,H-5985
Te2Pt,P-1,-0.395679,-0.497114,0.0,0.0,3,2,-0.395679,-0.497114,N.A.,N.A.,None,H-1483
TeAs,Fm-3m,0.096207,0.167519,0.0,0.07,2,2,0.096207,0.167519,N.A.,Indirect,None,H-10098
TePb,Pm-3m,-0.179529,-0.206909,0.0,0.0,2,2,-0.179529,-0.206909,N.A.,N.A.,-0.3556,H-956
Te,Im-3m,0.31124,0.412163,0.0,0.0,1,1,0.31124,0.412163,N.A.,N.A.,0.0,H-156
Te,P3121,0.0,0.0,0.44,0.67,3,1,0.0,0.0,Direct,Direct,0.0,H-195
Te,P21,0.042988,0.118095,0.0,0.0,4,1,0.042988,0.118095,N.A.,N.A.,0.0,H-201
Te,P21/c,0.043246,0.119276,0.0,0.0,4,1,0.043246,0.119276,N.A.,N.A.,0.0,H-302
Te,C2/m,0.0418,0.114754,0.0,0.0,3,1,0.0418,0.114754,N.A.,N.A.,0.0,H-76
ThAl2,Cmmm,-0.455042,-0.597267,0.0,0.0,3,2,-0.455042,-0.597267,N.A.,N.A.,None,H-9059
ThAs,Pm-3m,-1.110983,-1.299982,0.0,0.0,2,2,-1.110983,-1.299982,N.A.,N.A.,None,H-4893
ThC,Fm-3m,-0.290195,-0.385591,0.0,0.0,2,2,-0.290195,-0.385591,N.A.,N.A.,-0.6504,H-1634
ThCd2,Cmmm,-0.189933,-0.224197,0.0,0.0,3,2,-0.189933,-0.224197,N.A.,N.A.,None,H-10632
ThGa2,Cmmm,-0.636549,-0.478335,0.0,0.0,3,2,-0.636549,-0.478335,N.A.,N.A.,None,H-8312
ThGe,Fm-3m,-0.782514,-0.94932,0.0,0.0,2,2,-0.782514,-0.94932,N.A.,N.A.,None,H-7622
ThH2,Fm-3m,-0.560482,-0.571358,0.0,0.0,3,2,-0.495175,-0.603661,N.A.,N.A.,-0.4826,H-12844
ThH2,I4/mmm,-0.571694,-0.584175,0.0,0.0,3,2,-0.506387,-0.616478,N.A.,N.A.,-0.4826,H-7484
ThN,Fm-3m,-1.695311,-1.620869,0.0,0.0,2,2,-1.573001,-1.693218,N.A.,N.A.,-2.0273,H-2118
ThO2,Fm-3m,-4.236914,-4.220752,4.8,6.33,3,2,-3.854217,-4.126949,Indirect,Indirect,-4.236,H-758
ThP,Fm-3m,-1.728382,-1.856536,0.0,0.0,2,2,-1.555886,-1.758041,N.A.,N.A.,-1.8039,H-4663
ThSb,Pm-3m,-0.817887,-1.028809,0.0,0.0,2,2,-0.817887,-1.028809,N.A.,N.A.,None,H-11944
ThSe,Pm-3m,-1.365628,-1.597536,0.0,0.0,2,2,-1.365628,-1.597536,N.A.,N.A.,None,H-7337
ThSe,Fm-3m,-1.537646,-1.721043,0.0,0.0,2,2,-1.537646,-1.721043,N.A.,N.A.,None,H-7575
ThSiAu,Amm2,-0.794611,-0.881624,0.0,0.0,3,3,-0.794611,-0.881624,N.A.,N.A.,None,H-2466
ThSnPt,F-43m,-1.062909,-1.285791,0.69,1.05,3,3,-1.071534,-1.283114,Direct,Indirect,None,H-1485
ThTe,Pm-3m,-1.097672,-1.338846,0.0,0.0,2,2,-1.097672,-1.338846,N.A.,N.A.,None,H-3522
Th,Fm-3m,0.0,0.0,0.0,0.0,1,1,0.0,0.0,N.A.,N.A.,0.0,H-163
Th,Im-3m,0.142145,0.140788,0.0,0.0,1,1,0.142145,0.140788,N.A.,N.A.,0.0,H-335
TiAg,P4/mmm,0.024339,0.093007,0.0,0.0,2,2,0.091201,0.048018,N.A.,N.A.,-0.0166,H-9970
TiAl,P4/mmm,-0.468761,-0.45831,0.0,0.0,2,2,-0.401899,-0.503299,N.A.,N.A.,-0.4035,H-4562
TiAu,Pm-3m,-0.396896,-0.373608,0.0,0.0,2,2,-0.330034,-0.418597,N.A.,N.A.,-0.4581,H-6836
TiB2,P6/mmm,-1.103967,-1.157185,0.0,0.0,3,2,-1.059392,-1.187178,N.A.,N.A.,-1.0502,H-12287
TiB,F-43m,0.651352,0.809151,0.0,0.0,2,2,0.718214,0.764162,N.A.,N.A.,-0.8304,H-10160
TiC,Fm-3m,-0.890717,-0.988139,0.0,0.3,2,2,-0.823854,-1.033128,N.A.,Indirect,-0.9584,H-10696
TiGaRh,F-43m,-0.196677,-0.062021,0.0,0.0,3,3,-0.152102,-0.092014,N.A.,N.A.,None,H-9551
TiHg,P4/mmm,-0.085858,-0.108678,0.0,0.0,2,2,-0.016337,-0.184539,N.A.,N.A.,None,H-6975
TiIr,P4/mmm,-0.92316,-1.033826,0.0,0.0,2,2,-0.856298,-1.078815,N.A.,N.A.,-0.8737,H-2400
TiIr,Pm-3m,-0.839219,-0.932435,0.0,0.0,2,2,-0.772357,-0.977424,N.A.,N.A.,-0.8737,H-2726
TiNi2Sb,Fm-3m,-0.391484,-0.509838,0.0,0.0,4,3,-0.358053,-0.532332,N.A.,N.A.,None,H-632
TiNiSb,F-43m,-0.539578,-0.608495,0.0,0.0,3,3,-0.495003,-0.638488,N.A.,N.A.,None,H-5700
TiNiSn,F-43m,-0.567342,-0.587234,0.43,0.59,3,3,-0.531392,-0.61455,Indirect,Indirect,None,H-2718
TiNiSn,F-43m,0.098402,0.156098,0.02,0.25,3,3,0.134352,0.128783,Indirect,Indirect,None,H-9232
TiNi,Pm-3m,-0.421642,-0.254329,0.0,0.0,2,2,-0.354779,-0.299318,N.A.,N.A.,-0.3631,H-11226
TiO,Fm-3m,-2.645446,-2.616373,0.0,0.0,2,2,-2.291561,-2.59101,N.A.,N.A.,-2.797,H-12851
TiOs,Pm-3m,-0.783009,-0.956819,0.0,0.0,2,2,-0.716147,-1.001808,N.A.,N.A.,-0.7141,H-6620
TiRe,Pm-3m,-0.456879,-0.513755,0.0,0.0,2,2,-0.390017,-0.558744,N.A.,N.A.,None,H-7450
TiRh,Pm-3m,-0.78255,-0.863353,0.0,0.0,2,2,-0.715688,-0.908342,N.A.,N.A.,-0.7561,H-11589
TiRh,P4/mmm,-0.801438,-0.90891,0.0,0.0,2,2,-0.734576,-0.953899,N.A.,N.A.,-0.7561,H-1610
TiRu,Pm-3m,-0.812736,-1.023178,0.0,0.0,2,2,-0.745873,-1.068167,N.A.,N.A.,-0.798,H-13340
TiSi2,Fmmm,-0.405218,-0.338375,0.0,0.0,3,2,-0.360643,-0.368368,N.A.,N.A.,-0.5274,H-2485
Ti,Fm-3m,0.063323,0.0,0.0,0.0,1,1,0.063323,0.0,N.A.,N.A.,0.0,H-212
TlBi2,Cmmm,-0.017767,0.004505,0.0,0.0,3,2,-0.017767,0.004505,N.A.,N.A.,None,H-3448
TlBi,Pm-3m,0.08054,0.10885,0.0,0.0,2,2,0.08054,0.10885,N.A.,N.A.,None,H-3952
TlBr,Pm-3m,-1.093927,-0.972163,2.21,2.68,2,2,-0.838753,-0.919258,Direct,Direct,-0.8976,H-11899
TlBr,Fm-3m,-1.139564,-1.010947,2.43,2.99,2,2,-0.88439,-0.958042,Direct,Direct,-0.8976,H-1443
TlC,Fm-3m,2.11232,2.306054,0.0,0.0,2,2,2.11232,2.306054,N.A.,N.A.,None,H-1832
TlCl,Fm-3m,-1.318103,-1.103791,2.63,3.28,2,2,-1.01784,-1.049657,Direct,Direct,-1.0577,H-11757
TlCl,Pm-3m,-1.270872,-1.064135,2.32,2.94,2,2,-0.97061,-1.010001,Direct,Direct,-1.0577,H-5681
TlHg,Pm-3m,-0.019536,0.011687,0.0,0.0,2,2,-0.016878,-0.019185,N.A.,N.A.,None,H-7573
TlI,Fm-3m,-0.827682,-0.789749,2.18,2.82,2,2,-0.682068,-0.784498,Direct,Direct,-0.6418,H-13193
TlI,Pm-3m,-0.775378,-0.800569,1.97,2.42,2,2,-0.629763,-0.795318,Indirect,Indirect,-0.6418,H-6696
TlN,P63mc,0.805126,1.046777,0.0,0.01,4,2,0.927436,0.974429,N.A.,Direct,None,H-766
TlS,Pm-3m,-0.159862,0.054924,0.0,0.36,2,2,0.058383,0.113635,N.A.,Indirect,None,H-1583
TlSb,Pm-3m,0.163846,0.223742,0.0,0.0,2,2,0.163846,0.223742,N.A.,N.A.,None,H-12696
TlSe,Pm-3m,-0.073643,-0.028588,0.0,0.0,2,2,-0.073643,-0.028588,N.A.,N.A.,-0.3176,H-6541
TlSn,P4/mmm,0.060872,0.097979,0.0,0.0,2,2,0.047934,0.101995,N.A.,N.A.,None,H-2916
Tl,P63/mmc,0.0,0.0,0.0,0.0,2,1,0.0,0.0,N.A.,N.A.,0.0,H-151
Tl,I4/mmm,0.018964,0.017078,0.0,0.0,1,1,0.018964,0.017078,N.A.,N.A.,0.0,H-172
Tl,Fm-3m,0.018101,0.016752,0.0,0.0,1,1,0.018101,0.016752,N.A.,N.A.,0.0,H-204
Tl,Im-3m,0.004709,0.007264,0.0,0.0,1,1,0.004709,0.007264,N.A.,N.A.,0.0,H-228
TmAl3,Pm-3m,-0.408884,-0.488395,0.0,0.0,4,2,-0.408884,-0.488395,N.A.,N.A.,None,H-659
TmAs,Fm-3m,-1.500925,-1.769091,0.0,0.0,2,2,-1.500925,-1.769091,N.A.,N.A.,None,H-10130
TmAu2,I4/mmm,-0.895723,-0.929356,0.0,0.0,3,2,-0.895723,-0.929356,N.A.,N.A.,-0.9494,H-8992
TmAu,Pm-3m,-0.897544,-0.931472,0.0,0.0,2,2,-0.897544,-0.931472,N.A.,N.A.,-0.9618,H-2138
TmB2,Cmmm,-0.648994,-0.724743,0.0,0.0,3,2,-0.648994,-0.724743,N.A.,N.A.,-0.3171,H-3103
TmCd2,C2/m,-0.296379,-0.329447,0.0,0.0,3,2,-0.296379,-0.329447,N.A.,N.A.,None,H-7166
TmCu,Pm-3m,-0.287722,-0.300713,0.0,0.0,2,2,-0.287722,-0.300713,N.A.,N.A.,None,H-9942
TmHg,Pm-3m,-0.487881,-0.568985,0.0,0.0,2,2,-0.485222,-0.599857,N.A.,N.A.,None,H-8166
TmI2,C2/m,-1.336721,-1.289608,0.0,0.0,3,2,-1.142569,-1.282607,N.A.,N.A.,None,H-7406
TmIn,Pm-3m,-0.42654,-0.611213,0.0,0.0,2,2,-0.42654,-0.611213,N.A.,N.A.,None,H-12931
TmIr,Pm-3m,-0.914352,-1.099077,0.0,0.0,2,2,-0.914352,-1.099077,N.A.,N.A.,None,H-11653
TmMg,Pm-3m,-0.055991,-0.102792,0.0,0.0,2,2,-0.055991,-0.102792,N.A.,N.A.,None,H-3587
TmN,Fm-3m,-1.944783,-1.948033,0.16,1.0,2,2,-1.822473,-2.020382,Indirect,Indirect,None,H-10175
TmNiBi,F-43m,-0.669986,-0.849923,0.14,0.25,3,3,-0.669986,-0.849923,Direct,Indirect,None,H-6485
TmP,Fm-3m,-1.775624,-1.927606,0.0,0.07,2,2,-1.603128,-1.829111,N.A.,Indirect,None,H-10912
TmPd,Pm-3m,-0.93055,-1.091195,0.0,0.0,2,2,-0.93055,-1.091195,N.A.,N.A.,-0.9597,H-3470
TmRh,Pm-3m,-0.942691,-1.191963,0.0,0.0,2,2,-0.942691,-1.191963,N.A.,N.A.,-0.9214,H-9947
TmS,Fm-3m,-2.140786,-2.195211,0.0,0.0,2,2,-1.922542,-2.1365,N.A.,N.A.,None,H-801
TmSbPt,F-43m,-1.211323,-1.465583,0.0,0.42,3,3,-1.211323,-1.465583,N.A.,Direct,None,H-9558
TmSb,Fm-3m,-1.068796,-1.350714,0.11,0.0,2,2,-1.068796,-1.350714,Indirect,N.A.,None,H-3978
TmSe,Fm-3m,-1.651285,-1.889183,0.0,0.04,2,2,-1.651285,-1.889183,N.A.,Indirect,None,H-10408
TmSi2,P6/mmm,-0.470095,-0.494463,0.0,0.0,3,2,-0.470095,-0.494463,N.A.,N.A.,-0.6726,H-9379
TmSnAu,F-43m,-0.8336,-0.947974,0.0,0.17,3,3,-0.842225,-0.945297,Indirect,Indirect,None,H-11797
TmTl3,Pm-3m,-0.162591,-0.246594,0.0,0.0,4,2,-0.162591,-0.246594,N.A.,N.A.,None,H-668
TmTl,Pm-3m,-0.287933,-0.400309,0.0,0.0,2,2,-0.287933,-0.400309,N.A.,N.A.,None,H-1302
TmZn,Pm-3m,-0.354877,-0.452215,0.0,0.0,2,2,-0.354877,-0.452215,N.A.,N.A.,None,H-12516
Tm,Fm-3m,0.032384,0.047221,0.0,0.03,1,1,0.032384,0.047221,N.A.,Indirect,0.0,H-20
Tm,R-3m,0.005836,0.0,0.0,0.0,3,1,0.005836,0.0,N.A.,N.A.,0.0,H-213
UAs,Pm-3m,-0.721148,-1.300337,0.0,0.0,2,2,-0.721148,-1.300337,N.A.,N.A.,None,H-3633
UB2,P6/mmm,-0.6862,-0.737185,0.0,0.0,3,2,-0.6862,-0.737185,N.A.,N.A.,-0.5681,H-13127
UC,Fm-3m,-0.304005,-0.479072,0.0,0.01,2,2,-0.304005,-0.479072,N.A.,Indirect,-0.503,H-6773
UN2,Fm-3m,-1.641375,-1.5907,0.74,1.56,3,2,-1.478295,-1.687165,Indirect,Indirect,None,H-11331
UN,Fm-3m,-1.591524,-1.654873,0.0,0.0,2,2,-1.469214,-1.727222,N.A.,N.A.,-1.507,H-10537
UNiSn,F-43m,0.394936,0.270984,0.0,0.0,3,3,0.386311,0.273661,N.A.,N.A.,None,H-7698
UO2,Fm-3m,-3.748411,-3.311441,0.0,0.0,3,2,-3.365715,-3.217638,N.A.,N.A.,-3.7484,H-11483
UO,Fm-3m,-3.422884,-2.52839,0.0,0.0,2,2,-3.135862,-2.458037,N.A.,N.A.,None,H-10511
UP,R-3m,-1.282213,-1.770981,0.0,0.0,2,2,-1.109716,-1.672486,N.A.,N.A.,-1.3888,H-1913
URu3,Pm-3m,-0.386723,-0.558695,0.0,0.0,4,2,-0.386723,-0.558695,N.A.,N.A.,-0.3213,H-544
US,Fm-3m,-1.717974,-2.008212,0.0,0.0,2,2,-1.499729,-1.949501,N.A.,N.A.,-1.5871,H-8280
USbRh,None,-0.599431,-1.028713,0.0,0.0,3,3,-0.599431,-1.028713,N.A.,N.A.,None,H-5788
USb,Fm-3m,-0.287394,-1.127215,0.0,0.02,2,2,-0.287394,-1.127215,N.A.,Indirect,None,H-2526
USe,Fm-3m,-1.106676,-1.74864,0.0,0.0,2,2,-1.106676,-1.74864,N.A.,N.A.,None,H-8143
U,Fm-3m,0.105175,0.0,0.0,0.0,1,1,0.105175,0.0,N.A.,N.A.,0.0,H-206
U,Im-3m,0.0,0.100763,0.0,0.0,1,1,0.0,0.100763,N.A.,N.A.,0.0,H-368
VB2,P6/mmm,-0.742389,-0.795157,0.0,0.0,3,2,-0.742389,-0.795157,N.A.,N.A.,-0.7183,H-11260
VB2,P6/mmm,-0.742368,-0.794585,0.0,0.0,3,2,-0.742368,-0.794585,N.A.,N.A.,-0.7183,H-12134
VC,Fm-3m,-0.431258,-0.50909,0.0,0.0,2,2,-0.431258,-0.50909,N.A.,N.A.,None,H-11717
VFe,Pm-3m,-0.138189,-0.097969,0.0,0.0,2,2,-0.138189,-0.097969,N.A.,N.A.,None,H-4338
VH2,Fm-3m,-0.294474,-0.202904,0.0,0.0,3,2,-0.229167,-0.235206,N.A.,N.A.,None,H-10712
VI2,P-1,-0.679648,-1.149492,1.09,3.59,3,2,-0.485496,-1.14249,Indirect,Indirect,-0.9106,H-6870
VIr,P4/mmm,-0.510236,-0.578831,0.0,0.0,2,2,-0.510236,-0.578831,N.A.,N.A.,-0.2912,H-2914
VN,Fm-3m,-1.109124,-1.037385,0.0,0.0,2,2,-0.986813,-1.109733,N.A.,N.A.,-1.1253,H-4100
VN,P-6m2,-1.300943,-1.269174,0.0,0.0,2,2,-1.178633,-1.341523,N.A.,N.A.,-1.1253,H-8148
VO,Fm-3m,-2.232464,-2.159118,0.73,2.99,2,2,-1.945441,-2.088766,Indirect,Indirect,-2.2325,H-11068
VOs,Pm-3m,-0.237715,-0.440293,0.0,0.0,2,2,-0.237715,-0.440293,N.A.,N.A.,None,H-4076
VPt,P4/mmm,-0.56266,-0.623341,0.0,0.0,2,2,-0.56266,-0.623341,N.A.,N.A.,None,H-7966
VRh,P4/mmm,-0.36903,-0.526737,0.0,0.0,2,2,-0.36903,-0.526737,N.A.,N.A.,None,H-5181
VRu,P4/mmm,-0.223214,-0.466443,0.0,0.0,2,2,-0.223214,-0.466443,N.A.,N.A.,None,H-2260
VSbRu,F-43m,-0.215256,-0.467701,0.2,1.26,3,3,-0.215256,-0.467701,Indirect,Indirect,None,H-913
V,Im-3m,0.0,0.0,0.0,0.0,1,1,0.0,0.0,N.A.,N.A.,0.0,H-235
XeF2,I4/mmm,-0.747477,-0.543142,2.76,4.44,3,2,-0.480534,-0.406471,Indirect,Indirect,-0.5623,H-6748
Xe,P63/mmc,0.0,0.0,6.2,7.32,2,1,0.0,0.0,Direct,Direct,None,H-101
Xe,Fm-3m,0.000245,0.000177,6.2,7.32,1,1,0.000245,0.000177,Direct,Direct,None,H-117
Y2C,R-3m,-0.29427,-0.459661,0.0,0.0,3,2,-0.29427,-0.459661,N.A.,N.A.,-0.3296,H-6063
YAg2,I4/mmm,-0.328263,-0.367128,0.0,0.0,3,2,-0.328263,-0.367128,N.A.,N.A.,-0.2757,H-5960
YAg,Pm-3m,-0.329196,-0.383459,0.0,0.0,2,2,-0.329196,-0.383459,N.A.,N.A.,-0.2778,H-7816
YAl,Pm-3m,-0.404109,-0.529303,0.0,0.0,2,2,-0.404109,-0.529303,N.A.,N.A.,None,H-7953
YAs,Fm-3m,-1.549456,-1.856134,0.0,0.11,2,2,-1.549456,-1.856134,N.A.,Indirect,None,H-7217
YAu,Pm-3m,-0.860534,-0.937653,0.0,0.0,2,2,-0.860534,-0.937653,N.A.,N.A.,-0.8157,H-2367
YB2,Cmmm,-0.56798,-0.656195,0.0,0.0,3,2,-0.56798,-0.656195,N.A.,N.A.,-0.37,H-3304
YBi,Fm-3m,-0.90452,-1.180703,0.0,0.0,2,2,-0.90452,-1.180703,N.A.,N.A.,None,H-2649
YC2,I4/mmm,-0.20375,-0.283162,0.0,0.0,3,2,-0.20375,-0.283162,N.A.,N.A.,None,H-2397
YC,Pm-3m,0.555437,0.5544,0.0,0.0,2,2,0.555437,0.5544,N.A.,N.A.,None,H-12737
YC,Fm-3m,0.032119,0.061708,0.03,0.05,2,2,0.032119,0.061708,Indirect,Indirect,None,H-5210
YCd,Pm-3m,-0.347202,-0.444643,0.0,0.0,2,2,-0.347202,-0.444643,N.A.,N.A.,None,H-12106
YH2,Fm-3m,-0.785234,-0.815224,0.0,0.08,3,2,-0.719927,-0.847527,N.A.,Indirect,-0.7661,H-11227
YHSe,P-6m2,-1.485145,-1.674222,1.53,2.49,3,3,-1.452491,-1.690374,Indirect,Indirect,None,H-9897
YHg,Pm-3m,-0.510107,-0.632535,0.0,0.0,2,2,-0.507448,-0.663407,N.A.,N.A.,None,H-5197
YIn,Pm-3m,-0.30403,-0.417842,0.0,0.0,2,2,-0.30403,-0.417842,N.A.,N.A.,None,H-962
YIr,Pm-3m,-0.790341,-0.994816,0.0,0.0,2,2,-0.790341,-0.994816,N.A.,N.A.,-0.683,H-8301
YN,Fm-3m,-1.836096,-1.867647,0.21,1.11,2,2,-1.713786,-1.939996,Indirect,Indirect,-1.5503,H-11829
YN,F-43m,-1.586655,-1.579257,2.05,3.02,2,2,-1.464344,-1.651606,Indirect,Indirect,-1.5503,H-1756
YN,Pm-3m,-0.901451,-0.882228,0.05,0.37,2,2,-0.779141,-0.954576,Indirect,Indirect,-1.5503,H-4705
YNiSb,F-43m,-0.905175,-1.1337,0.28,0.44,3,3,-0.905175,-1.1337,Indirect,Indirect,None,H-7549
YP,Pm-3m,-1.239216,-1.360057,0.0,0.1,2,2,-1.066719,-1.261562,N.A.,Indirect,None,H-10032
YP,Fm-3m,-1.798272,-1.989915,0.0,0.21,2,2,-1.625776,-1.89142,N.A.,Indirect,None,H-13090
YS,Fm-3m,-2.216524,-2.297634,0.0,0.0,2,2,-1.99828,-2.238924,N.A.,N.A.,-2.3838,H-10499
YSb,Fm-3m,-1.157429,-1.478368,0.04,0.0,2,2,-1.157429,-1.478368,Indirect,N.A.,None,H-3406
YSe,Fm-3m,-1.759978,-2.025974,0.0,0.04,2,2,-1.759978,-2.025974,N.A.,Indirect,None,H-3006
YSi2,Cmmm,-0.524097,-0.570572,0.0,0.0,3,2,-0.524097,-0.570572,N.A.,N.A.,-0.6405,H-2434
YTe,Fm-3m,-1.299004,-1.558653,0.0,0.0,2,2,-1.299004,-1.558653,N.A.,N.A.,None,H-13237
YTl,Pm-3m,-0.35973,-0.508065,0.0,0.0,2,2,-0.35973,-0.508065,N.A.,N.A.,None,H-2935
YZn,Fm-3m,-0.076014,-0.121843,0.0,0.0,2,2,-0.076014,-0.121843,N.A.,N.A.,None,H-11101
Y,Fm-3m,0.059396,0.0,0.0,0.04,1,1,0.059396,0.0,N.A.,Indirect,0.0,H-185
YbAg2,I4/mmm,-0.34753,-0.313208,0.0,0.0,3,2,-0.34753,-0.313208,N.A.,N.A.,None,H-11014
YbAs,Fm-3m,-0.812844,-0.846359,0.0,0.0,2,2,-0.812844,-0.846359,Indirect,N.A.,None,H-1428
YbBiAu,F-43m,-0.327564,-0.303041,0.0,0.0,3,3,-0.327564,-0.303041,N.A.,N.A.,None,H-9223
YbBiPt,F-43m,-0.855464,-0.963842,0.0,0.0,3,3,-0.855464,-0.963842,N.A.,N.A.,None,H-8388
YbC2,I4/mmm,-0.065415,-0.115382,1.01,2.25,3,2,-0.065415,-0.115382,Indirect,Indirect,None,H-8041
YbCd,Pm-3m,-0.417623,-0.395823,0.0,0.0,2,2,-0.417623,-0.395823,N.A.,N.A.,None,H-2003
YbGa,P4/mmm,-0.528827,-0.302888,0.0,0.0,2,2,-0.528827,-0.302888,N.A.,N.A.,None,H-4330
YbH2,Fm-3m,-0.637901,-0.621581,0.07,0.96,3,2,-0.572594,-0.653884,Indirect,Indirect,None,H-3186
YbHg2,C2/m,-0.517088,-0.542127,0.0,0.0,3,2,-0.513543,-0.58329,N.A.,N.A.,None,H-2809
YbHg,Pm-3m,-0.65952,-0.697058,0.0,0.0,2,2,-0.656861,-0.72793,N.A.,N.A.,None,H-8211
YbI2,P-3m1,-1.86022,-1.851431,4.04,5.05,3,2,-1.666068,-1.844429,Indirect,Indirect,None,H-3112
YbIn,Pm-3m,-0.516688,-0.566278,0.0,0.0,2,2,-0.516688,-0.566278,N.A.,N.A.,None,H-7334
YbN,Fm-3m,-0.635561,-0.210675,0.0,0.0,2,2,-0.513251,-0.283024,N.A.,N.A.,None,H-10955
YbO,Fm-3m,-3.605165,-3.75017,3.48,4.98,2,2,-3.318142,-3.679817,Indirect,Indirect,None,H-2934
YbPPt,Amm2,-1.332244,-1.39428,0.0,0.0,3,3,-1.217247,-1.328616,N.A.,N.A.,None,H-11553
YbP,Fm-3m,-0.914108,-0.80851,0.0,0.0,2,2,-0.741611,-0.710015,N.A.,N.A.,None,H-7836
YbPb,P4/mmm,-0.560241,-0.659401,0.0,0.0,2,2,-0.560241,-0.659401,N.A.,N.A.,None,H-2122
YbPd,Pm-3m,-0.857394,-0.97121,0.0,0.0,2,2,-0.857394,-0.97121,N.A.,N.A.,None,H-7513
YbRu,Pm-3m,0.166152,0.187484,0.0,0.0,2,2,0.166152,0.187484,N.A.,N.A.,None,H-4735
YbS,Fm-3m,-2.477705,-2.528992,2.23,3.13,2,2,-2.259461,-2.470281,Indirect,Indirect,None,H-1582
YbSb,Fm-3m,-0.645597,-0.709833,0.0,0.0,2,2,-0.645597,-0.709833,N.A.,N.A.,None,H-4337
YbSe,Fm-3m,-2.096948,-2.340109,1.95,2.79,2,2,-2.096948,-2.340109,Indirect,Indirect,None,H-6500
YbSn,P4/mmm,-0.659287,-0.724415,0.0,0.0,2,2,-0.672224,-0.7204,N.A.,N.A.,None,H-4969
YbTe,Fm-3m,-1.669928,-1.91344,1.45,2.16,2,2,-1.669928,-1.91344,Indirect,Indirect,None,H-7060
YbTl,Pm-3m,-0.495115,-0.554185,0.0,0.0,2,2,-0.495115,-0.554185,N.A.,N.A.,None,H-5138
YbZn,Pm-3m,-0.341296,-0.300068,0.0,0.0,2,2,-0.341296,-0.300068,N.A.,N.A.,None,H-2173
Yb,Im-3m,0.006763,0.022696,0.0,0.0,1,1,0.006763,0.022696,N.A.,N.A.,0.0,H-113
Yb,Fm-3m,0.0,0.0,0.02,0.11,1,1,0.0,0.0,Indirect,Indirect,0.0,H-327
ZnAg,Pm-3m,-0.046061,-0.060675,0.0,0.0,2,2,-0.046061,-0.060675,N.A.,N.A.,None,H-8030
ZnAu,Pm-3m,-0.21092,-0.247101,0.0,0.0,2,2,-0.21092,-0.247101,N.A.,N.A.,None,H-11119
ZnCu,Pm-3m,-0.088974,-0.119383,0.0,0.0,2,2,-0.088974,-0.119383,N.A.,N.A.,None,H-10259
ZnI2,C2/m,-0.670385,-0.602087,1.87,2.88,3,2,-0.476232,-0.595085,Indirect,Indirect,-0.7324,H-9278
ZnNi,Pm-3m,-0.241862,-0.241463,0.0,0.0,2,2,-0.241862,-0.241463,N.A.,N.A.,None,H-12631
ZnNi,F-43m,0.822127,0.913616,0.02,0.18,2,2,0.822127,0.913616,Indirect,Indirect,None,H-13032
ZnNi,P4/mmm,-0.255105,-0.239821,0.0,0.0,2,2,-0.255105,-0.239821,N.A.,N.A.,None,H-4228
ZnO,Pm-3m,-1.003863,-1.156269,0.28,0.34,2,2,-0.716841,-1.085917,Indirect,Indirect,-1.8163,H-13283
ZnO,F-43m,-1.716189,-1.848107,0.62,2.26,2,2,-1.429167,-1.777755,Direct,Direct,-1.8163,H-3874
ZnPd,P4/mmm,-0.558568,-0.721491,0.0,0.0,2,2,-0.558568,-0.721491,N.A.,N.A.,None,H-12605
ZnRh,Pm-3m,-0.364198,-0.530652,0.0,0.13,2,2,-0.364198,-0.530652,N.A.,Indirect,None,H-1944
ZnS,F-43m,-1.02352,-1.020122,2.03,3.23,2,2,-0.805276,-0.961411,Direct,Direct,-1.052,H-11102
ZnSe,F-43m,-0.711101,-0.881231,1.16,2.25,2,2,-0.711101,-0.881231,Direct,Direct,-0.9172,H-1867
ZnTe,Fm-3m,-0.171473,-0.272379,0.0,0.46,2,2,-0.171473,-0.272379,N.A.,Indirect,-0.6115,H-12026
Zn,Cmcm,0.0,0.0,0.0,0.0,2,1,0.0,0.0,N.A.,N.A.,0.0,H-328
Zr2Au,I4/mmm,-0.431727,-0.450297,0.0,0.0,3,2,-0.431727,-0.450297,N.A.,N.A.,-0.512,H-9835
Zr2Pd,I4/mmm,-0.490437,-0.567295,0.0,0.0,3,2,-0.490437,-0.567295,N.A.,N.A.,-0.4975,H-9571
ZrAs,Fm-3m,-1.095233,-1.281494,0.0,0.0,2,2,-1.095233,-1.281494,N.A.,N.A.,None,H-7949
ZrB,Fm-3m,-0.38955,-0.405502,0.0,0.0,2,2,-0.38955,-0.405502,N.A.,N.A.,None,H-2793
ZrC,Fm-3m,-0.860282,-0.982575,0.0,0.0,2,2,-0.860282,-0.982575,N.A.,N.A.,-1.0191,H-12071
ZrC,Pm-3m,0.370553,0.432656,0.0,0.0,2,2,0.370553,0.432656,N.A.,N.A.,-1.0191,H-13058
ZrCu,Pm-3m,-0.114034,-0.101617,0.0,0.0,2,2,-0.114034,-0.101617,N.A.,N.A.,-0.0938,H-10671
ZrH2,I4/mmm,-0.65742,-0.633409,0.0,0.02,3,2,-0.592113,-0.665712,N.A.,Indirect,None,H-12740
ZrHg,P4/mmm,-0.182641,-0.204128,0.0,0.0,2,2,-0.179983,-0.235,N.A.,N.A.,None,H-9811
ZrIr,Pm-3m,-0.801674,-0.914013,0.0,0.0,2,2,-0.801674,-0.914013,N.A.,N.A.,-0.8882,H-11828
ZrN,Pm-3m,-0.979521,-0.862504,0.0,0.0,2,2,-0.85721,-0.934853,N.A.,N.A.,-1.8928,H-2349
ZrN,Fm-3m,-1.879538,-1.83381,0.0,0.0,2,2,-1.757228,-1.906158,N.A.,N.A.,-1.8928,H-3716
ZrNiSn,F-43m,0.075643,0.038745,0.01,0.32,3,3,0.067018,0.041422,Indirect,Indirect,None,H-6513
ZrO2,Fm-3m,-3.764433,-4.000812,3.31,4.92,3,2,-3.381737,-3.907009,Indirect,Indirect,-3.8013,H-9853
ZrO,Fm-3m,-2.567857,-2.624995,0.0,0.0,2,2,-2.280834,-2.554642,N.A.,N.A.,None,H-7264
ZrOs,Pm-3m,-0.565683,-0.76329,0.09,0.17,2,2,-0.565683,-0.76329,Indirect,Indirect,None,H-11329
ZrP,Fm-3m,-1.529939,-1.613771,0.0,0.0,2,2,-1.357442,-1.515276,N.A.,N.A.,None,H-4295
ZrPd2,I4/mmm,-0.766427,-0.941899,0.0,0.0,3,2,-0.766427,-0.941899,N.A.,N.A.,None,H-2098
ZrPd,Pm-3m,-0.587616,-0.665151,0.0,0.0,2,2,-0.587616,-0.665151,N.A.,N.A.,-0.6602,H-3493
ZrRh,Pm-3m,-0.759385,-0.915417,0.0,0.0,2,2,-0.759385,-0.915417,N.A.,N.A.,-0.8027,H-10957
ZrSe2,C2/m,-1.354453,-1.576718,0.0,1.08,3,2,-1.354453,-1.576718,N.A.,Indirect,None,H-9048
ZrSnPd,F-43m,-0.238163,-0.378973,0.03,0.34,3,3,-0.246788,-0.376295,Indirect,Indirect,None,H-12664
ZrTe2,C2/m,-0.88994,-1.080031,0.0,0.0,3,2,-0.88994,-1.080031,N.A.,N.A.,-1.0161,H-10616
ZrZn,Pm-3m,-0.285072,-0.302038,0.0,0.0,2,2,-0.285072,-0.302038,N.A.,N.A.,None,H-7528
Zr,Im-3m,0.084417,0.201631,0.0,0.0,1,1,0.084417,0.201631,N.A.,N.A.,0.0,H-268
Zr,P63/mmc,0.0,0.0,0.0,0.0,2,1,0.0,0.0,N.A.,N.A.,0.0,H-296
Zr,Fm-3m,0.038782,0.090888,0.0,0.0,1,1,0.038782,0.090888,N.A.,N.A.,0.0,H-351